image_url,caption
http://lh6.ggpht.com/-IvRtNLNcG8o/TpFyrudaT6I/AAAAAAAAM6o/_11MuAAKalQ/IMG_3422.JPG?imgmax=800,a very typical bus station
http://78.media.tumblr.com/3b133294bdc7c7784b781b45eb9af7be/tumblr_nbirmjpEme1tkk0fco1_500.jpg,sierra looked stunning in this top and this skirt while performing with person at their former university
https://thumb1.shutterstock.com/display_pic_with_logo/152074/125938838/stock-photo-interior-design-of-modern-living-room-with-fireplace-in-a-new-house-125938838.jpg,interior design of modern living room with fireplace in a new house
https://thumb1.shutterstock.com/display_pic_with_logo/324673/177023534/stock-photo-cybernetic-scene-isolated-on-white-background-sci-fi-robot-arm-made-of-compound-metallic-as-a-177023534.jpg,cybernetic scene isolated on white background .
https://prismpub.com/wp-content/uploads/2016/11/Chicago-Riverwalk_graphic_13.jpg,the jetty : different types of plants to establish a variety of ecosystems .
https://thumb1.shutterstock.com/display_pic_with_logo/701386/201063638/stock-photo-traditional-ornamental-floral-paisley-bandanna-you-can-use-this-pattern-in-the-design-of-carpet-201063638.jpg,traditional ornamental floral paisley bandanna .
http://i.dailymail.co.uk/i/pix/2016/08/10/15/371349E500000578-0-image-a-15_1470837871650.jpg,a flight was traveling when the animal got free on tuesday night
http://images.gmanews.tv/webpics/2016/11/640_2_2016_11_29_17_19_15.jpg,celebrities start decorating for the christmas season lifestyle
http://globe-views.com/dcim/dreams/court/court-04.jpg,companies have gone to court for the right to lie
https://ep1.pinkbike.org/p4pb6973204/p4pb6973204.jpg,all shots by by person and rider shots can be found on his website .
https://i.pinimg.com/736x/72/58/85/725885eeb122262762681543e5be28e1--fast-foods-healthy-foods.jpg,this is real fast food !
https://us.123rf.com/450wm/artvitdiz/artvitdiz1505/artvitdiz150500153/39598311-safe-deposit-with-money-around-it-on-a-white-background.jpg?ver=6,safe deposit with money around it on a white background photo
http://l7.alamy.com/zooms/7f4ac7c33e5841b6a94a35915e5ca1d7/portrait-of-a-smiling-woman-stroking-her-dog-lying-on-couch-d9g1bc.jpg,portrait of a smiling woman stroking her dog lying on couch
http://l7.alamy.com/zooms/b7385d563da542c2be31a30be3a069a6/young-business-woman-on-a-bench-g0dktp.jpg,young business woman on a bench
http://img.bleacherreport.net/img/images/photos/003/558/542/hi-res-25da6f4fff0b052f7c72a5af985559ff_crop_north.jpg?h=533&w=800&q=70&crop_x=center&crop_y=top,american football player looks downfield during the second half of a football game against sports team
http://4.bp.blogspot.com/-NTT96j0rYZ0/U8lsad0ruCI/AAAAAAABBMU/LKmGZp-Hsg8/s1600/funny-animals-117-40.jpg,"funny animals of the week , animal pictures"
https://www.bailiwickexpress.com/files/cache/88ec9331c05013c55b49024a551341ac_f587432.jpg,see the inspiring way this woman documented her travels on her prosthetic leg
http://www.brian-coffee-spot.com/wp-content/uploads/wow-slider-plugin/555/images/dsc_0838.jpg,the sign promises as much as the glorious blue sky .
http://l7.alamy.com/zooms/a4197bf168734006b10e02a8bebdd34e/people-tour-and-enjoy-the-high-line-public-park-in-new-york-city-during-ga67w4.jpg,people tour and enjoy the public park during summer
https://i.pinimg.com/736x/a5/ec/d8/a5ecd8e03c0056d96c49f9c959f2c549--pinup-posters-girl-posters.jpg,interesting 1930 's poster for a cosmetic company with stores .
http://cdn.newsapi.com.au/image/v1/af347cd6569987c49a71fe05870753c5?width=1024,racecar driver steers his car during video game subject .
https://us.123rf.com/450wm/olgakorneeva/olgakorneeva1405/olgakorneeva140500007/28403808-vintage-elegant-floral-card-with-frame-decorated-with-black-and-white-lilies-on-a-pink-background-ve.jpg,vintage elegant floral card with frame decorated with black and white lilies on a pink background .
https://ak4.picdn.net/shutterstock/videos/18564824/thumb/1.jpg,heavy snow falls over a snow lined river .
https://us.123rf.com/450wm/2dmolier/2dmolier1609/2dmolier160900217/62773498-green-sea-turtle-isolated-on-a-white-background-3d-illustration.jpg?ver=6,green sea turtle isolated on a white background 3d illustration
http://i.dailymail.co.uk/i/pix/2017/07/27/17/42B4031600000578-0-image-m-9_1501174323232.jpg,"person , was surprised by the staff"
https://ak6.picdn.net/shutterstock/videos/12263756/thumb/1.jpg,red and white flag on the mast
http://ichef.bbci.co.uk/onesport/cps/624/cpsprodpb/13A58/production/_89827408_kiss.jpg,football player celebrates scoring for football team against football team in the final
http://l7.alamy.com/zooms/b365ec4718354a5bab1eb4413bbb94ae/detroit-michigan-the-vw-cross-coup-gte-concept-plug-in-hybrid-car-ef27pw.jpg,concept plug - in hybrid car on display
https://s-media-cache-ak0.pinimg.com/736x/0f/ac/65/0fac65de4eac7d72b4dd73a2bb16a46f.jpg,a pencil drawing of a zebra and her baby .
http://l7.alamy.com/zooms/e163858450394e5aa21b226debd6d01f/sylvester-stallone-jennifer-flavin-and-daughters-the-expendables-2-dmrdh6.jpg,actor and daughters uk premiere held
"https://image.shutterstock.com/display_pic_with_logo/243661/243661,1275721942,1/stock-vector-a-fine-grainy-vector-pattern-in-black-and-white-54561763.jpg","a fine , grainy vector pattern in black and white ."
https://thumb1.shutterstock.com/display_pic_with_logo/4555627/761692834/stock-photo-seamless-border-of-orange-roses-and-paisley-watercolor-pattern-on-a-white-background-761692834.jpg,"seamless border of orange roses and paisley , pattern on a white background ."
http://l7.alamy.com/zooms/50937c69ef8f4289a71ef77f1ccf593f/ghana-central-region-komenda-students-in-front-of-a-school-cp4tgf.jpg,students in front of a school
https://www.papercitymag.com/wp-content/uploads/2017/06/Menil-40-680x1024.jpg,"museum , opened is among the 20th - century 's most significant buildings ."
http://l7.alamy.com/zooms/faf62ef929df42f49afde816f043a2a6/fraser-river-as-it-meets-the-pacific-ocean-where-delta-meets-richmond-erk04d.jpg,river as it meets bodies of water where airline meets
http://l7.alamy.com/zooms/8e24000f1ff244508864657b048b3a8b/a-moored-fishing-boat-viewed-from-bryher-isles-of-scilly-cornwall-b7g5nt.jpg,a moored fishing boat viewed from island .
https://image.shutterstock.com/z/stock-vector-vector-illustration-of-a-cartoon-lion-head-isolated-on-a-white-background-516650239.jpg,vector illustration of person isolated on a white background
http://c8.alamy.com/comp/K32RAK/sheep-with-a-black-face-fenced-in-on-a-winter-day-K32RAK.jpg,sheep with a black face fenced in on a winter day
http://l7.alamy.com/zooms/1ff618175b9d44a883c2a6bdf5b28fa1/a-small-park-with-american-flags-and-a-yellow-banner-around-a-tree-acfbd8.jpg,a small park with flags and a yellow banner around a tree in support of troops
https://thumb1.shutterstock.com/display_pic_with_logo/2176973/632286614/stock-vector-isolated-water-glass-on-a-white-background-vector-illustration-632286614.jpg,isolated water glass on a white background
https://s-media-cache-ak0.pinimg.com/736x/99/fe/30/99fe30e84fc07f4c4f1d513a267298ef.jpg,"when choosing your new outdoor color palette , opt for something that will enhance your home 's architectural style and give you plenty of curb appeal ."
http://jesuitpride.com/images/2017/7/11/Fairfield_Prep_Golf_2017_10_1280x801_.jpg,person finishes at the top
https://ak1.picdn.net/shutterstock/videos/15389011/thumb/9.jpg,country shape animated on the satellite map of the globe
https://seekingfelicity.files.wordpress.com/2014/06/p1130733.jpg,paths are clearly marked with signs like this .
https://i.pinimg.com/736x/9b/db/ee/9bdbeea03d5b41abf42112e62dffaf17--lexi-thompson-rancho.jpg,putts for birdie on the second hole during the final round of the golf tournament .
https://ak1.picdn.net/shutterstock/videos/28480321/thumb/1.jpg?i10c=img.resize(height:160),person shot from a cliff looking out at the lake and horizon .
https://i.pinimg.com/736x/df/dd/9a/dfdd9afbf7e1b6a2e02b470935080fd4--willow-tree-angels-willow-tree-figurines.jpg,sending this angel your way ... it lights the way with it 's tiny candle .
https://i.pinimg.com/736x/02/0c/af/020caf611d954ec263d1d97b054fa8ae--stockholm-street-style-muse.jpg,i love the colours of her clothes .
https://ak7.picdn.net/shutterstock/videos/3682697/thumb/1.jpg,"farm tractor is moving on the field , cultivating land"
http://l7.alamy.com/zooms/6ce413683932455f9214da51ef6c8a78/master-playing-with-his-little-golden-retriever-dog-on-the-lawn-bxgte5.jpg,master playing with his little golden retriever dog on the lawn
https://tipsfromashton.files.wordpress.com/2016/10/blog.jpg,year later the small shrubs doubled in size .
https://www.thesun.co.uk/wp-content/uploads/2017/01/nintchdbpict000298300836.jpg?strip=all&w=960,"according to the model , she regularly gets told it looks"
https://www.birthdaywishes.expert/wp-content/uploads/2015/12/Good-night-image-with-puppy-and-quote.jpg,good night id been working like a dog i should be sleeping like a log
https://acanadianincambodia.files.wordpress.com/2015/10/preah-vihear-day-4-052.jpg,the water was never deeper than your chest .
http://l7.alamy.com/zooms/252ec157a42f4615a4c9639a6b1148f1/twilight-over-palazzo-dei-priori-and-the-medieval-town-of-volterra-hfpkxa.jpg,twilight over italian gothic structure and the medieval town
https://i.pinimg.com/736x/35/c8/b5/35c8b5737ded3c62498491a79c04a2e0.jpg,"simple custom leather pulls for your dresser , cabinets , or doors ."
https://i.pinimg.com/736x/d2/0b/7b/d20b7bff927a6d166573414d4ffbf554--dead-zombie-zombie-art.jpg,"person , why u turn me on with your designs ? i believe i will bepinning some more of his work here in a bit ."
http://l7.alamy.com/zooms/476f507779b646c4b9ae7e3894c76eb8/the-empire-state-building-and-one-world-trade-center-light-up-at-night-fcn345.jpg,building and skyscraper light up at night
https://i.pinimg.com/736x/83/ab/4f/83ab4fbbb6ac094cfad07c94a31bab4d--beautiful-eyes-beautiful-people.jpg,actor is an actor who started out as a lawyer .
https://i.pinimg.com/736x/58/2a/ec/582aecd2587e4473c761fb75d8612eb6--living-room-green-couches-living-rooms.jpg,color good with green couch in living room ... favorite ... i think maybe a little too peach ?
https://ak8.picdn.net/shutterstock/videos/5281628/thumb/1.jpg,tree branches swing at real time with the wind while clouds move fast in time lapse
http://i.dailymail.co.uk/i/pix/2017/04/24/15/3F8F1B3400000578-4440472-image-a-184_1493045915515.jpg,mirror image : lonely kitten seeks comfort in the form of a cuddly cat
https://thrivinghomeblog.com/wp-content/uploads/2015/05/Best-way-to-cut-corn-off-a-cob.jpg,"this trick really is the best way to cut corn off the cob , because it saves making a big mess on the counter and floor ."
http://c8.alamy.com/comp/K7AFM5/portrait-of-young-mother-and-little-child-brushing-their-teeth-together-K7AFM5.jpg,portrait of young mother and little child brushing their teeth together while standing in the bathroom
http://l7.alamy.com/zooms/d431eb7cc72a4a99a4038d497ebf29b3/the-harbor-of-volendam-a-small-village-in-the-netherlands-bc35b6.jpg,the harbor a small village
https://coolsandiegosights.files.wordpress.com/2017/03/img_6221z-a-traffic-sign-warns-of-surfers-crossing.jpg?w=660,a traffic sign warns of surfers crossing !
https://i.pinimg.com/736x/de/12/7b/de127bc032b298fed1eadb6cfa2dc074--watercolor-flowers-languages.jpg,such pretty watercolor flowers and can be in any languages
http://l7.alamy.com/zooms/74672aec4cd94d2da13984df5477990d/london-the-evening-standard-became-a-free-newspaper-in-november-2009-bfpyaf.jpg,newspaper became a free newspaper
http://l7.alamy.com/zooms/7ef98481b4624328824aa63d478de475/ancient-open-prairie-of-north-dakota-west-of-minot-on-a-cold-morning-bd0mba.jpg,ancient open prairie of west on a cold morning beds and grasses cover much of the area
https://ak1.picdn.net/shutterstock/videos/6743041/thumb/1.jpg,forest on a sunny day
https://thumb10.shutterstock.com/display_pic_with_logo/183121/310590383/stock-photo-happy-senior-couple-with-dog-on-a-hike-in-summer-in-the-nature-310590383.jpg,happy senior couple with dog on a hike in summer in the nature
https://i.pinimg.com/736x/32/0e/3f/320e3f99b79dc0117bcab995fd90bcc1--gabriel-fontana.jpg,illustrator who has a rather simply haunting style .
https://ak8.picdn.net/shutterstock/videos/23295238/thumb/1.jpg,"birds fly up to the feeder and take seeds , snow on trees , falling snowflakes for the birdhouse"
http://wehsblueprint.com/wp-content/uploads/2015/06/Bham-by-LeAnn-5-45.jpg,"hands in \ walking through his old elementary hallways , person is congratulated by current students ."
http://l7.alamy.com/zooms/2a2e5fa29c744bcaafc9366a01495358/leopard-dragging-its-kill-in-the-kalahari-desert-drfpd6.jpg,leopard dragging its kill in the desert
http://l7.alamy.com/zooms/2efd36f783044e7287967e0af6129f4e/the-merrion-centre-leeds-city-centre-on-a-lovely-winters-evening-lots-ha44kr.jpg,on a lovely winter 's evening .
https://i.stack.imgur.com/zNsGX.jpg,"first screenshot of the conversation between users , where one abruptly finds out that they 've been reading a version of harry potter ."
http://i.dailymail.co.uk/i/pix/2011/11/23/article-2065419-0EEB7F9F00000578-77_634x585.jpg,taking to the streets : person is psychedelic rock artist in this mock up of their album cover
http://allswalls.com/images/butterfly-on-a-yellow-flower-wallpaper-1.jpg,butterfly on a yellow flower
https://us.123rf.com/450wm/amelisk/amelisk1612/amelisk161200423/66907761-vector-illustration-of-a-flat-design-of-the-house-stock-vector.jpg?ver=6,vector illustration of a flat design of the house
http://l7.alamy.com/zooms/9c818fbb89a14c34b3b5e5a9566908a9/mantova-police-car-approaching-a-building-by-night-italy-ayj9ra.jpg,police car approaching a building by night
https://cdn.shopify.com/s/files/1/0291/0541/products/Wrist_Straps-72815_7924cd4e-9a1c-4284-952a-f458e06fcd8f_1024x1024.jpg?v=1441099113,the best gift for photographers - wrist strap - black / blue - lucky camera straps - genuine leather camera strap personalised handmade
https://us.123rf.com/450wm/giulianni/giulianni1606/giulianni160600002/58310804-blue-and-pink-wavy-shiny-ribbon-on-a-dark-background.jpg?ver=6,blue and pink wavy shiny ribbon on a dark background vector
http://c8.alamy.com/comp/K66R3P/american-bison-scratching-an-itch-against-a-tree-in-elk-island-national-K66R3P.jpg,biological species scratching an itch against a tree
http://l7.alamy.com/zooms/51944b87b2e04398aa2dce747758dc8a/us-flag-and-festive-cake-on-a-plate-gbc68j.jpg,flag and festive cake on a plate
https://i.pinimg.com/736x/4c/47/a1/4c47a160a5f9e65cba4bdabaa67d6b6c--energy-efficient-homes-home-floor-plans.jpg,could make the hallway to the master suite all glass to add some additional separation interesting !
https://www.pronovias.com/media/catalog/product/cache/small_image/9df78eab33525d08d6e5fb8d27136e95/e/l/elva_b.jpg,wedding dress with a v neck
http://jimmyandkim.com/wp-content/uploads/2014/09/chattanooga-wedding-photographers-004.jpg,bride at the barn at high point farms
https://thumb7.shutterstock.com/display_pic_with_logo/2181548/306465629/stock-photo-portrait-of-a-happy-young-man-in-a-red-wig-306465629.jpg,portrait of a happy young man in a red wig
https://today.duke.edu/sites/default/files/styles/story_body/public/Jewelry%20HERO.jpg?itok=_RWZa3vk,"a necklace , charm bracelet and set of earrings with logos ."
http://media.cntraveller.in/wp-content/uploads/2014/08/UK_castle.jpg,this castle dates back to the 19th century .
https://www.thesun.co.uk/wp-content/uploads/2017/04/nintchdbpict000293376642.jpg?strip=all&w=960,person finally get their hands with win
http://l7.alamy.com/zooms/862c5a56486d41539ef2e649e0302d4c/the-nerves-of-the-knee-ack23r.jpg,the nerves of the knee
https://i.pinimg.com/736x/ae/2c/68/ae2c6885f2e4203e098d35a235aa6b8a--funny-shit-funny-stuff.jpg,funny pictures of the day
https://ak3.picdn.net/shutterstock/videos/3901463/thumb/4.jpg?i10c=img.resize(height:160),the sign for a city .
http://l7.alamy.com/zooms/7a39331f54bb4d219f121f4227bbaa3d/young-woman-lying-in-the-grass-bgdajj.jpg,young woman lying in the grass
https://us.123rf.com/450wm/weiskraft/weiskraft1502/weiskraft150200163/36157181-a-person-with-a-cloud-icon-home-human-thought-bubble-above-his-head-flat-design-style-made-in-vector.jpg?ver=6,a person with a cloud .
https://ak1.picdn.net/shutterstock/videos/24120121/thumb/1.jpg,sheep grazing on the highlands .
https://ak3.picdn.net/shutterstock/videos/26548403/thumb/1.jpg?i10c=img.resize(height:160),people pouring water on the hands of monks
https://images.philips.com/is/image/PhilipsConsumer/QG3382_15-RTP-global-001?$jpglarge$&wid=1250,"all - in - one beard , hair & body trimmer"
http://www.johnsoncitypress.com/image/2016/10/27/640x_cCM_q30/XC-Region-A-AA-JPG.jpg,person and battle for position at the end of thursday 's race .
https://ak8.picdn.net/shutterstock/videos/33469738/thumb/1.jpg,breakdown of the car on the road .
https://i.pinimg.com/736x/4f/8c/61/4f8c618f98bf5fc54f96f340ba7f1bb0--gorgeous-cakes-pretty-cakes.jpg,these are the most beautiful flowers on a cake i have ever seen .
https://i.pinimg.com/736x/6e/13/67/6e1367f3c0523219547689b937837947--the-fly-shop-fly-fishing-flies.jpg,proper proportions for a parachute dry fly
https://us.123rf.com/450wm/oleggol/oleggol1704/oleggol170400223/75499892-decorative-bottle-stand-for-wine-in-the-form-of-a-heart-on-a-wedding-theme-art-object-3d-illustratio.jpg?ver=6,decorative bottle stand for wine in the form of a heart on a wedding theme .
https://i.pinimg.com/736x/e5/5a/42/e55a42b8be78d0d6dbb0fd9233b50ac5--family-portraits-timberland-boots.jpg,"a fashion look featuring blouses , peace of leggings and boots ."
https://realhousemoms.com/wp-content/uploads/25-of-the-Best-Holiday-Cookies-RH-HERO.jpg,when the weather gets cold it 's a sign to me that it 's time to bake !
http://i.dailymail.co.uk/i/pix/2015/12/28/20/2FA81C8900000578-3376615-image-a-47_1451332883261.jpg,"soccer player , who led forward line , and person embrace as they make their way off the pitch"
https://thumb10.shutterstock.com/display_pic_with_logo/384598/454554793/stock-vector-an-african-american-young-female-pharmacist-standing-at-the-counter-and-showing-a-box-of-pills-in-454554793.jpg,a young female pharmacist standing at the counter and showing a box of pills in the pharmacy .
https://us.123rf.com/450wm/believeinme33/believeinme331410/believeinme33141000149/32827829-freedom-happy-free-man-in-the-car.jpg?ver=6,freedom - happy free man in the car
https://i.pinimg.com/736x/40/e1/83/40e1832104a21e79bc141f0a979601c7--wands-construction.jpg,"a durable , attractive metal black wand with gold - colored metal tips ."
http://l7.alamy.com/zooms/717074660e854fd9ae03ecd5e3eec6ef/lion-laying-in-the-grasslands-hwbmx6.jpg,lion laying in the grasslands
https://i.pinimg.com/736x/2f/2a/d0/2f2ad0797ad452e6208c8fbb27c7cd8c--winter-photos-cabin-fever.jpg,wanting to settle in for the winter .
https://i.pinimg.com/736x/1d/84/2b/1d842bca74bf6acb31cae3ae6250ea7c--marco-island-car-garage.jpg,part of a car garage .
https://i.pinimg.com/736x/42/db/c0/42dbc02897749a93fdec563ee38b5381--fossils-lots.jpg,this site is really worth noting lots of information .
http://l7.alamy.com/zooms/6c587595267f4cbead519b394c1e1297/heart-shaped-on-hands-forming-a-heart-shape-fnfjnn.jpg,heart shaped on hands forming a heart shape
http://www.urban75.org/photos/protest/images/nhs-protest-whitehall-march-2012-24.jpg,save organisation : photos outside government agency
http://l7.alamy.com/zooms/09f63752b2ca4821a7e6e2c10d44a8e5/a-malawian-artist-selling-his-work-in-kalk-bay-cape-town-south-africa-cb9d2e.jpg,an artist selling his work
http://i.dailymail.co.uk/i/pix/2014/11/30/239C181B00000578-2854808-Joey_Barton_is_next_and_the_QPR_midfielder_has_gone_for_the_unke-1_1417366381705.jpg,"football player is next , and the midfielder has gone for the unkempt look ."
http://l7.alamy.com/zooms/0f0f2e828ecf499e82031c8859f3e760/a-box-of-toys-on-sale-at-a-ludlow-market-shropshire-england-cwxrhr.jpg,a box of toys on sale at a market
https://s-media-cache-ak0.pinimg.com/originals/21/c9/7e/21c97e7bda31a32ca6e0b46132b73c2d.jpg,person is coming maps reveal the first days of snow
https://image.shutterstock.com/z/stock-photo-monterey-california-shore-the-tree-in-the-ocean-64318813.jpg,shore : the tree in the ocean
http://l7.alamy.com/zooms/abde821878da402cbbaa4c6fb63f04e7/bride-just-after-the-wedding-holding-her-bouquet-of-flowers-b75mad.jpg,bride just after the wedding holding her bouquet of flowers
https://alchetron.com/cdn/The-Men-Who-Tread-on-the-Tigers-Tail-images-bfb7bd65-5d88-4c45-a5af-c86be7c3d46.jpg,person on the movie scenes
https://thumb7.shutterstock.com/display_pic_with_logo/3558395/450156961/stock-vector-set-of-ribbons-isolated-on-blue-background-vector-black-vintage-engraving-illustration-for-menu-450156961.jpg,set of ribbons isolated on blue background .
https://thumb10.shutterstock.com/display_pic_with_logo/2638540/764328337/stock-vector-vector-illustration-of-a-banner-for-punjabi-festival-of-lohri-celebration-764328337.jpg,vector illustration of a banner for festival .
http://cdn.abclocal.go.com/content/wpvi/images/cms/100614-wpvi-Ilya-Bryzgalov-house-IMG-2.jpg,the home of ice hockey player is on the market for $3.9 million .
https://i.pinimg.com/736x/0b/3b/4f/0b3b4f439518a166b0fcf2ef3c9fb97c--bloomsbury-group-virginia-woolf.jpg,"person as a child , with her mother ."
https://tbcdn.talentbrew.com/company/7795/v1_1/img/IowaSpotlight05.jpg,a snapshot of our office .
https://i.pinimg.com/736x/f2/f6/91/f2f6917f084495745999b01730940a16--s-fashion-men-american-fashion.jpg,image detail for - fashion
http://www.bigmapblog.com/maps/map03/dd/VWRSnlghGIYLzqon_DD.jpg,"map showing routes of principal explorers , from 1501 to image detail"
"https://thumb9.shutterstock.com/display_pic_with_logo/85920/85920,1180546400,2/stock-photo-foal-in-front-of-a-white-background-3417869.jpg",foal in front of a white background
https://thumb1.shutterstock.com/display_pic_with_logo/79177/369753767/stock-photo-large-set-of-plastic-bottles-isolated-on-black-the-waste-we-produce-369753767.jpg,large set of plastic bottles isolated on black - the waste we produce
https://travelingthepnw.files.wordpress.com/2015/04/dsc0228.jpg?w=1000,the batteries are tucked into the trees on top of the bluff overlooking strait .
https://s-media-cache-ak0.pinimg.com/originals/b1/69/36/b1693669402cd9cbad4e55280e12dfe9.jpg,"actor , 1950s , when she was in her twenties -- the most beautiful woman in the world at that time"
http://l7.alamy.com/zooms/c462ce1a3dd547dd8dbcc72d9fd087bc/a-girl-spends-time-outdoors-with-her-pet-bearded-dragon-in-lake-tahoe-c32t3f.jpg,a girl spends time outdoors with her pet bearded dragon
http://l7.alamy.com/zooms/fa065147e59c423ab1dd55315b2330b0/plants-for-sale-in-a-garden-centre-and-plant-nursery-jaadn7.jpg,plants for sale in a nursery
https://thumb1.shutterstock.com/display_pic_with_logo/2715982/336992528/stock-photo-christmas-tree-with-christmas-balls-top-view-on-a-white-background-d-illustration-336992528.jpg,christmas tree with balls top view on a white background .
http://farm4.static.flickr.com/3439/3947135007_b88084fa86.jpg,step by step ... 2
http://l7.alamy.com/zooms/a5f1ce492aef4284a74888ca92742f15/dry-autumn-oak-leaf-with-water-drops-after-rain-in-the-forest-park-j2t3y3.jpg,dry autumn oak leaf with water drops after rain in the forest park
http://s3.amazonaws.com/GoKids-Images/bigstock-Family-eating-healthy-breakfas-42576541.jpg,create a safe environment at home for your child to thrive
https://ak4.picdn.net/shutterstock/videos/3965404/thumb/1.jpg,landscape with mown grass and a haystack .
https://thumb7.shutterstock.com/display_pic_with_logo/1813235/391901494/stock-vector-pair-of-hands-holding-our-planet-with-icons-on-a-white-background-391901494.jpg,pair of hands holding our planet with icons on a white background
https://thumb7.shutterstock.com/display_pic_with_logo/737566/318207341/stock-vector-set-of-christmas-and-new-year-seamless-patterns-with-snowflakes-colorful-winter-scrapbook-design-318207341.jpg,set of seamless patterns with snowflakes .
https://i.pinimg.com/736x/e4/c3/76/e4c3761e1f5c5be6adbaf6b68829ce1d--flowers-in-bloom-lotus-flowers.jpg,"put all the extraordinary things that are not ordinary , simple things to do everything on that simple ."
https://thumb7.shutterstock.com/display_pic_with_logo/163269808/610945241/stock-vector-illustration-of-a-pattern-with-funny-abstract-plants-610945241.jpg,illustration of a pattern with funny abstract plants
https://i.pinimg.com/736x/87/b0/bc/87b0bc26bbe38d306331b80b8deebf20--pool-backyard-house-design.jpg,geographical feature category partially screens the entrance to the lighted underground grotto
https://ak2.picdn.net/shutterstock/videos/30980392/thumb/1.jpg,aerial view a line irrigate channel with water for irrigation of agricultural fields
http://c8.alamy.com/comp/KMCA4X/green-fruits-and-vegetables-in-the-shape-of-bathroom-weighing-scales-KMCA4X.jpg,green fruits and vegetables in the shape of bathroom weighing scales over a white background
http://l7.alamy.com/zooms/169fb5e954514f1d91c6d337f3e65193/a-felix-dzerzhinsky-monument-was-unveiled-on-the-frontier-troops-department-b99cn3.jpg,a monument was unveiled on the premises
https://sydneycain.files.wordpress.com/2013/04/blossom-tree.jpg?w=430&h=430&crop=1,peaking through the blossoms to catch a glimpse .
https://img.buzzfeed.com/buzzfeed-static/static/2014-10/10/16/enhanced/webdr09/longform-original-3058-1412971707-4.png?downsize=715:*&output-format=auto&output-quality=auto,"this big , beautiful gingerbread involves more spices than just ginger , but you know it 's in there , doing good work ."
https://ak5.picdn.net/shutterstock/videos/10185425/thumb/1.jpg,aerial view of the highway between agricultural fields
https://static1.squarespace.com/static/5067a3ab84ae5a723be2dac9/t/53e2a668e4b011a40b0acab0/1407362697000/?format=500w,"a couple years ago , i got this tattoo so i could have more opportunities to share my story with people ."
https://image.shutterstock.com/z/stock-photo-man-and-woman-on-a-dark-background-fitness-couple-604232660.jpg,man and woman on a dark background .
http://l7.alamy.com/zooms/ee3140139517476d9e6beb47d60a302f/misty-light-over-the-modi-khola-valley-below-the-annapurna-sanctuary-d3w3g6.jpg,"misty light over the valley , with a griffin vulture soaring"
http://thesunshinegypsy.com/wp-content/uploads/2015/09/32-A-forest-of-stunted-trees-that-stand-in-sharp-contrast-to-the-giants-of-the-other-forests-e1443279596733.jpg,a forest of stunted trees that stand in sharp contrast to the giants of the other forests
http://i.dailymail.co.uk/i/pix/2017/02/23/23/3D97762200000578-4254226-image-a-19_1487893568575.jpg,it 's a tower : their wedding cake consisted of layers and an abundance of flowers
https://i.pinimg.com/736x/a6/53/45/a65345c3cab8f6b9959a913a6e6a3814--glass-tables-glass-table-top.jpg,here 's that motorcycle themed accent table that you 've been looking for .
https://static7.depositphotos.com/1000207/764/i/450/depositphotos_7646409-stock-photo-christmas-bell-with-a-bow.jpg,christmas bell with a bow -- stock photo #
http://c8.alamy.com/comp/HDGJ6D/a-palm-tree-with-flowers-in-tropical-country-HDGJ6D.jpg,a palm tree with flowers in tropical country
https://ak8.picdn.net/shutterstock/videos/20235688/thumb/1.jpg,cars trucks driving on the highway
http://www.holywellhousepublishing.co.uk/webimages/DB-Concert2.jpg,the audience at the concert on ship
https://lookaside.fbsbx.com/lookaside/crawler/media/?media_id=1473515309381529,"image may contain : person , on stage , playing a musical instrument and concert"
http://i.dailymail.co.uk/i/pix/2017/06/21/10/4198C9D100000578-4624666-image-a-55_1498036552696.jpg,homeowners get this outdoor heated swimming pool set within the sprawling grounds of the property
https://thumb7.shutterstock.com/display_pic_with_logo/683923/294635249/stock-vector-vector-image-of-a-poisonous-mushroom-amanita-294635249.jpg,vector image of a poisonous mushroom .
https://thumb7.shutterstock.com/display_pic_with_logo/3396329/310460705/stock-vector-hipster-cat-in-a-hat-and-with-glasses-vector-illustration-310460705.jpg,hipster cat in a hat and with glasses .
https://thumb7.shutterstock.com/display_pic_with_logo/4142542/683212135/stock-vector-silhouette-and-colored-maps-with-flags-of-the-bosnia-and-herzegovina-683212135.jpg,silhouette and colored maps with flags
http://l7.alamy.com/zooms/b0fd2a0de92640399f7c730675e82dbc/close-up-of-droplets-of-water-projecting-an-image-of-a-japanese-anemones-ab5brt.jpg,close up of droplets of water projecting an image of a flower from behind
http://l7.alamy.com/zooms/15804a242b63429285de6bd52cba4f9c/room-of-the-grand-duchess-tatiana-of-russia-looted-during-the-russian-ec7tan.jpg,"room of noble person , looted during the revolution"
https://ak0.picdn.net/shutterstock/videos/11381600/thumb/1.jpg,aerial : woman waving her arms on the rock
http://l7.alamy.com/zooms/cbf7a3a41e244daaa7a8d1fb05ce456e/a-cottage-in-the-picturesque-village-of-adare-in-county-limerick-ireland-cn02y9.jpg,a cottage in the picturesque village
http://l7.alamy.com/zooms/6ecd350b265c46a4b2e4fd9076726bd7/passenger-train-in-first-capital-connect-special-thameslink-livery-crm2jh.jpg,passenger train in special livery speeding through the countryside
http://c8.alamy.com/comp/K5TXTR/a-double-rainbow-over-a-gazebo-in-new-york-K5TXTR.jpg,a double rainbow over a gazebo
http://l7.alamy.com/zooms/4a046e6001cb4a358d4c5e011ab973ef/pheasant-released-for-a-shoot-eg896w.jpg,pheasant released for a shoot
http://l7.alamy.com/zooms/482ed5f6e07b48abbc30a8898d585e1e/horse-riding-on-the-beach-at-sunset-fw4g4a.jpg,horse riding on the beach at sunset
http://i.dailymail.co.uk/i/pix/2017/08/24/18/4387158700000578-4817578-image-a-22_1503594155770.jpg,"the couple and their daughters , between the ages of 13 and 22 , were on board the ship as part of a family vacation last month"
http://78.media.tumblr.com/0a471c870966b30e1e16954549859dbb/tumblr_mz3tx0wXkK1qaoutjo1_500.jpg,a poster from the new still .
http://www.visitourvietnam.com/wp-content/uploads/2014/09/Majestic-Ha-Long-Bay-viewed-from-a-seaplane-9.jpg,bay viewed from a seaplane
http://www.elizabethontheroad.com/images/gallery/383/765X510/Haputale%20theaplantation%20me.jpg,me walking at the tea plantations
http://www.melissajill.com/images/content/Why-Have-a-Photobooth_05.jpg,bride & bridesmaid enjoying the photo booth at a wedding reception
https://ak0.picdn.net/shutterstock/videos/27639100/thumb/1.jpg,a city and a suburban rooftop fitted with off grid solar energy
http://l7.alamy.com/zooms/f2d63bc3f2644a5cb6ae3aca74ea0da9/welcome-to-oklahoma-vintage-rusty-metal-sign-on-a-white-background-j9ky0b.jpg,welcome to vintage rusty metal sign on a white background
http://l7.alamy.com/zooms/6055f2639a0947beb3160df012256a52/galapagos-marine-iguana-basking-in-the-sunshine-to-warm-up-before-dbca6c.jpg,marine iguana basking in the sunshine to warm up before feeding
http://i.dailymail.co.uk/i/pix/2015/09/01/15/2BE01A6A00000578-3218366-image-a-52_1441116064935.jpg,and its surrounding waters were declared an ancestral domain for ethnicity
https://static.bartongalleries.com/images/paintings/552-Sisley/7772-View-of-the-Village.jpg,view of the village by painting artist
http://locable-assets-production.s3.amazonaws.com/uploads/resource/file/92162/gallery_DSCN0531.jpg,some of the girls at made to code
https://photos.smugmug.com/Portfolio/Courier-Journal/2010/Boots-Brews/i-kLD8ZDc/0/c263423d/XL/v_0702Downs%28MWP%29019-XL.jpg,a beautiful night brought out the crowds as temperatures dropped into the sixties .
http://4.bp.blogspot.com/-e5gaiFXTaAE/UOaI8h7BpOI/AAAAAAAAAl0/2Mzqo7oLueE/s1600/24%2B-%2BDescent.JPG,got off to a wet start
https://thumb7.shutterstock.com/display_pic_with_logo/640588/367200251/stock-vector-hand-drawing-of-a-raging-bull-367200251.jpg,hand drawing of a raging bull
"https://image.shutterstock.com/display_pic_with_logo/344647/344647,1243276820,10/stock-vector-illustration-of-an-ice-cream-30880246.jpg",illustration of an ice cream #
http://c8.alamy.com/comp/BWMRHM/papyrus-cyperus-papyrus-plant-dense-cluster-hanging-in-the-water-in-BWMRHM.jpg,plant dense cluster hanging in the water
https://i.pinimg.com/736x/1b/a6/d9/1ba6d9c73a62d51866b69da2f7424eaf--weddingideas-my-style.jpg,i could see something like this for your hair with maybe a fun headband or clip .
https://i.pinimg.com/736x/f2/7b/dc/f27bdc773c1a850cdb5d02690b814def--interiordesign-for-the-home.jpg,"this but with a little less man cave , more windows , darker walls and wood ."
https://ak7.picdn.net/shutterstock/videos/16933117/thumb/12.jpg,aerial view of sculpture on a summer spring day at sunset .
https://image.shutterstock.com/z/stock-photo-happy-cat-in-a-hat-holding-a-glass-of-wine-and-peeking-from-behind-empty-board-isolated-on-white-476310487.jpg,happy cat in a hat holding a glass of wine and peeking from behind empty board .
https://www.posewellblog.com/wp-content/images/Jacksonville-Magazine-February-2013-cover-by-Agnes-Lopez.jpg,the cover of issue by person
https://i.pinimg.com/736x/78/7f/97/787f97f53624ddf661e4312194c13ec5--welcome-in-american-girl-dolls.jpg,welcome in from the cold .
http://here-is.com/kentishtowner/wp-content/uploads/sites/13/2015/08/IMG_9188.jpg,life 's a beach : the iconic dome against a blue sky this summer .
http://c8.alamy.com/comp/DWTK1B/happy-toilet-seat-in-a-hotel-in-queens-new-york-2-DWTK1B.jpg,happy toilet seat in a hotel
https://st2.depositphotos.com/1003543/9844/i/950/depositphotos_98440000-stock-photo-whiskey-on-the-rocks-and.jpg,whiskey on the rocks and scholar books -- stock photo #
http://c8.alamy.com/comp/KH638G/november-14-2017-athens-greece-a-sign-being-displayed-outside-on-of-KH638G.jpg,a sign being displayed outside on of the tents reads families together
https://www.warriorscycling.com/content/home/uploads/2017/07/tomek-kaczmarek-165268-1024x576.jpg,sport and the effect on the body
https://i.pinimg.com/736x/d2/7f/a5/d27fa55f7da5b96e544152b727bcd83a--jake-owen-daddy-daughter.jpg,country artist captured a surprise concert by his daughter .
http://l7.alamy.com/zooms/ebfb7bb48ce24b53b5db525b078d1f30/a-cart-full-of-sandals-and-flip-flops-in-sardar-market-jodhpur-rajasthan-htbghr.jpg,a cart full of sandals and flip flops
https://i.pinimg.com/736x/43/a0/37/43a037a37cbe430d9b45b4b32069fa09--car-wash-green-turtle.jpg,a green sea turtle hovering over a reef is cleaned by a school of fish .
http://c8.alamy.com/comp/DWGM44/christmas-decorations-on-the-exterior-of-au-printemps-department-store-DWGM44.jpg,christmas decorations on the exterior of department store
http://i.dailymail.co.uk/i/pix/2016/08/20/18/376C744F00000578-3750610-image-m-50_1471714330374.jpg,happy to be here : person showed off a smile as he posed for the promotional event
http://i.dailymail.co.uk/i/pix/2015/07/30/06/2AF329FA00000578-3179518-image-m-126_1438233144671.jpg,"family : after the youngster 's reaction to his birthday party , thing is clear ."
https://ak6.picdn.net/shutterstock/videos/2651876/thumb/1.jpg?i10c=img.resize(height:160),a city from the top
https://thumb10.shutterstock.com/display_pic_with_logo/9596/348823487/stock-photo-head-of-the-beast-illustration-348823487.jpg,"head of the beast , illustration"
https://i.pinimg.com/736x/ba/55/91/ba5591af1cd05c7a33bd45999b15046c--first-christmas-diy-christmas.jpg,you have to see these easy ornaments for the holidays !
http://l7.alamy.com/zooms/0a1a5ee10e7e4a22ace6931b7000a4d8/time-to-market-portrayed-the-bridge-over-the-river-villoresi-in-milan-ex1jg9.jpg,"time to market , portrayed the bridge over person"
https://www.thesun.co.uk/wp-content/uploads/2016/12/nintchdbpict000004030614.jpg?strip=all&w=960,football player spent time on loan as a kid
http://www.wanderingweekenders.com/wp-content/uploads/2017/09/Urban_Winery_Denver_Pin_It.jpg,"an unique experience in an urban environment , a winery ."
https://image.shutterstock.com/display_pic_with_logo/140101/297566615/stock-vector-vector-silhouette-of-a-dancing-couple-on-a-white-background-297566615.jpg,vector silhouette of a dancing couple on a white background .
https://ak5.picdn.net/shutterstock/videos/29551375/thumb/1.jpg?i10c=img.resize(height:160),cinematic aerial shot of the dramatic coastline at the cliffs close to the famous waterfall
https://ak4.picdn.net/shutterstock/videos/5376014/thumb/1.jpg?i10c=img.resize(height:160),the family dog resting inside the home
http://blogs.kentlaw.iit.edu/library/files/2015/03/IMG_2614-1024x572.jpg,children in the reading room .
https://st.depositphotos.com/2459635/3200/v/450/depositphotos_32004279-stock-illustration-yellow-pumpkin-with-a-bow.jpg,"yellow pumpkin with a bow in the pants and shoes , keeping the tape with the text ."
https://i.pinimg.com/736x/21/c2/69/21c269dee0662db2fa305eb954011154--a-truck-lifted-trucks.jpg,i would by this simply to have a truck that no one else does .
https://i.imgur.com/I1LNB.jpg,one of the most dramatic mountain ranges i have seen
http://l7.alamy.com/zooms/931b1b430fcf4bb189fd765811b9e0aa/clouds-lying-low-over-a-lake-near-wanaka-in-the-southern-lakes-region-j0390e.jpg,clouds lying low over a lake
http://l7.alamy.com/zooms/ad193dd52d934e33ba1978dbbb441617/car-with-no-driver-in-a-rural-scene-e8daby.jpg,car with no driver in a rural scene
http://3.bp.blogspot.com/_Q4DVmk7XiKQ/Sw2dFtzFmdI/AAAAAAAAF28/kUPoWU6HMgU/s1600/1.JPG,type of place of worship : the largest
https://i.pinimg.com/736x/1a/46/59/1a4659f4105e5df536d2d8cfeb0f4ba5--dew-drops-kind-of.jpg,some kind of spring ~
https://ak4.picdn.net/shutterstock/videos/7682044/thumb/12.jpg,happy children plays on the sea beach
https://lookaside.fbsbx.com/lookaside/crawler/media/?media_id=10153099689382459,"image may contain : person , playing a musical instrument , on stage and night"
https://i.pinimg.com/736x/c9/1d/79/c91d792d3254e7d6df28505ebd8e79f5--holiday-photo-cards-holiday-photos.jpg,peek - art print by person in beautiful frame options and a variety of sizes .
http://l7.alamy.com/zooms/2cccc1568d16427f92915b49f06db751/a-cartoon-illustration-of-a-cat-in-a-witch-hat-with-a-goofy-expression-j385pc.jpg,a cartoon illustration of a cat in a witch hat with a goofy expression
http://l7.alamy.com/zooms/3e47ce7ada82402ea99cb322799c7385/tall-grass-in-the-fall-axh4rd.jpg,tall grass in the fall
https://us.123rf.com/450wm/shumo4ka/shumo4ka1204/shumo4ka120400001/13041037-a-repeating-pattern-of-a-hibiscus-flower.jpg?ver=6,a repeating pattern of a hibiscus flower .
https://i.pinimg.com/736x/4a/07/0c/4a070c503cc75528db6b4ad6b8abac54--first-time-trail.jpg,first time in snow on the trail !
https://cdn.decoist.com/wp-content/uploads/2015/01/Elegant-staircase-with-glass-rail-and-wooden-steps-steals-the-show.jpg,elegant staircase with glass rail and wooden steps steals the show
http://img.taste.com.au/IV22F872/w720-h480-cfill-q80/taste/2017/02/collage2-121498-1.jpg,make - ahead meals for the whole month
https://ak0.picdn.net/shutterstock/videos/8036260/thumb/1.jpg?i10c=img.resize(height:160),super slow motion of middle - age woman hands with scissors cutting white fabric on a tabletop
http://l7.alamy.com/zooms/7c8c78eb2fbf4be3ab236d82299848c0/blonde-labrador-retriever-in-snow-on-a-shoot-day-bxytt4.jpg,blonde labrador retriever in snow on a shoot day
https://i.pinimg.com/736x/13/9c/98/139c98168a08c762ea51942a258bb9ed--s-fashion-college-fashion.jpg,"an overview of 1950s fashion is featured , with a look at popular fashion trends in the 50s and how to dress 50s with your everyday style ."
http://l7.alamy.com/zooms/738da988ba854b4eabd018a159a716d4/father-and-daughter-swimming-at-the-pool-bamy3k.jpg,father and daughter swimming at the pool
http://l7.alamy.com/zooms/dafca049728c4efeb5b5915f8e1deb0c/the-brahmaputra-river-at-mymensingh-dries-up-with-the-arrival-of-winter-jay8er.jpg,river dries up with the arrival of winter season .
http://i.dailymail.co.uk/i/pix/2017/04/07/23/3F0E071700000578-4392068-image-a-16_1491605015974.jpg,"luxury : living areas of the property include a modern open plan kitchen and a timber floored lounge and dining rooms , which feature a fire place"
http://l7.alamy.com/zooms/8ee0e1719498424786da8dc23b1babfa/illustration-of-a-magnifying-glass-over-a-blue-background-b50nek.jpg,illustration of a magnifying glass over a blue background
https://image.shutterstock.com/z/stock-vector-cute-asian-girl-hiding-her-face-under-the-red-fan-vector-portrait-of-young-woman-with-traditional-546171043.jpg,cute girl hiding her face under the red fan .
http://l7.alamy.com/zooms/f9e8606587494724a522ef2fe6eb2c64/girl-sitting-on-a-park-bench-after-running-gk2j21.jpg,girl sitting on a park bench after running
https://ak7.picdn.net/shutterstock/videos/8516317/thumb/1.jpg,tiny artificial stream flows under the bridge
https://i.ytimg.com/vi/oPHb6JzswSw/sddefault.jpg,how to draw a step by step easy for beginners
http://www.cityshor.com/uploads/article/04_2016/1460522354_shradha_hedau_1_.jpg,some of the finest footwear in the city
https://ak4.picdn.net/shutterstock/videos/20331754/thumb/4.jpg,christmas tree with decorations in the living room .
https://i.pinimg.com/736x/52/6f/9b/526f9b818da6aa3d72c6c4c2508425c6--bike-light-light-blue.jpg,is going up for auction with a starting bid of $5 .
https://thumb1.shutterstock.com/display_pic_with_logo/2854225/383530360/stock-photo-creative-typographic-poster-or-a-stamp-on-a-black-circle-silhouette-isolated-on-white-background-383530360.jpg,creative typographic poster or a stamp on a black circle silhouette isolated on white background for online stores and supermarkets selling natural products .
http://l7.alamy.com/zooms/5b03871f29f8428787b0612a4f61bcdf/damaged-brickwork-on-a-building-in-a-uk-city-c1m9dc.jpg,damaged brickwork on a building in a city
http://l7.alamy.com/zooms/15ebc2f6bfcb4f22acb724e7cbdc623a/scenes-of-boats-in-the-ocean-from-little-compton-bp3782.jpg,scenes of boats in the ocean
https://i.pinimg.com/736x/17/f3/92/17f3921c80d822a34e070b13dbfbe8eb--skier-mountain.jpg,every skier should ski a city .
https://si.wsj.net/public/resources/images/OB-LT211_9stug__H_20110111103209.jpg,a city was once intended to rival french baroque structure .
https://thumb1.shutterstock.com/display_pic_with_logo/952708/156674918/stock-photo-young-beautiful-sensual-couple-standing-and-hugging-outdoor-in-summer-in-the-field-together-behind-156674918.jpg,young beautiful sensual couple standing and hugging outdoor in summer in the field together behind rainy sky
https://ak7.picdn.net/shutterstock/videos/14221487/thumb/1.jpg,taking a glass of wine
http://georgiavintageweddings.com/wp-content/uploads/2013/09/jones-preview-4-of-6.jpg,vintage weddings on a lake
https://lh3.googleusercontent.com/proxy/Xn-6yRGKUN3Vr0VM4uhZGM93DS1h8dFuuGawE8vr7cfagKdJttgxrcqtIBohYf5y-EqTv30cPMzvVrVeKsZvJO9fwUZGXCIXK-cn=w530-h797-p-k,myths about heating your home which will help you save money
http://i.dailymail.co.uk/i/pix/2017/07/30/02/42C6FDFD00000578-4743190-Forget_to_shave_While_he_s_sported_a_beard_before_it_was_especia-m-73_1501378422035.jpg,"time for a shave ? while he 's sported a beard before , it was especially long for the outing"
http://l7.alamy.com/zooms/da2dd4e7e18147bb9e21ecc93588e524/matsuyama-japan-skyline-viewed-from-the-castle-hg7060.jpg,japanese city skyline viewed from the castle
https://s-media-cache-ak0.pinimg.com/736x/56/06/56/560656ee34fdebbb1d1949329aadeb67.jpg,how will you go red ? help us raise awareness of the risks for women and heart disease by being part of the movement !
http://l7.alamy.com/zooms/fdb308208a064bb586d47c566a492679/asand-sculpture-is-modelled-in-berlin-germany-03-june-2010-a-total-d590fm.jpg,a sand sculpture is modelled .
https://thumb9.shutterstock.com/display_pic_with_logo/3295814/462930682/stock-photo--business-man-in-his-office-working-on-a-laptop-computer-flat-illustration-462930682.jpg,business man in his office working on a laptop computer .
http://www.exploringsurreyspast.org.uk/wp-content/uploads/2014/04/Hillside-pamphlet-ESP.jpg,a rare example of a document .
http://l7.alamy.com/zooms/29e470076b7b4736a21ba76cf81cdcce/picket-fence-and-the-scarborough-historic-museum-in-thomson-memorial-b79p2k.jpg,picket fence and a city
https://ak3.picdn.net/shutterstock/videos/25449413/thumb/12.jpg,close - up face of a young girl who sings a song on nature
http://l7.alamy.com/zooms/c23549711a64460197cd1a2e523729bd/two-old-fishing-boats-beached-on-a-coastal-beach-in-countryside-dnmjfw.jpg,old fishing boats beached on a coastal beach in countryside
https://thumb7.shutterstock.com/display_pic_with_logo/235588/302723465/stock-vector-cartoon-vector-hand-drawn-doodle-on-the-subject-of-art-and-craft-horizontal-banners-design-302723465.jpg,hobby on the subject of art and craft .
https://thumb9.shutterstock.com/display_pic_with_logo/2876704/468782012/stock-vector-vector-illustration-of-a-young-woman-468782012.jpg,vector illustration of a young woman
http://cdn.abclocal.go.com/content/kabc/images/cms/2388237_1280x720.jpg,law enforcement officials are seen were an officer - involved shooting took place .
https://ak6.picdn.net/shutterstock/videos/16162456/thumb/1.jpg?i10c=img.resize(height:160),medium shot of the manicured gardens .
"https://thumb10.shutterstock.com/display_pic_with_logo/330610/330610,1273908309,13/stock-photo-lightning-in-shape-of-the-letter-c-53100826.jpg",lightning in shape of the letter c
http://l7.alamy.com/zooms/1f6ec1bf1f52402597753049cb56991c/little-boy-learn-to-write-on-a-blackboard-in-the-kindergarten-or-the-j0cma5.jpg,little boy learn to write on a blackboard in the kindergarten or the classroom
https://ak9.picdn.net/shutterstock/videos/13440089/thumb/1.jpg,"aerial view , sharp turn down to beach view from the cliff ."
https://ak8.picdn.net/shutterstock/videos/12656978/thumb/10.jpg?i10c=img.resize(height:160),"4k young child typing on a keyboard in the dark at night , in slow motion"
http://l7.alamy.com/zooms/64ee0af18214442fa4b08c0f4b7fab46/the-azure-window-with-crashing-waves-at-daytime-on-gozo-malta-ht6b32.jpg,geographical feature with crashing waves at daytime
https://i.pinimg.com/736x/e5/24/05/e524052e5a963a0ee65e744bcbcc2fb4.jpg,this year we 're bringing you even more halloween costume ideas for guys with beards and mustaches !
https://www.eastbaytimes.com/wp-content/uploads/2016/10/cct-kanye-1024-08.jpg?w=620,music video performer performs on a suspended stage above his fans
https://img.rasset.ie/000df6bd-800.jpg,person is playing his 10th season with the team
https://createcrochet.files.wordpress.com/2013/12/get-attachment-2.jpg,here is a close - up view of the pattern .
https://thumb1.shutterstock.com/display_pic_with_logo/3316295/497982670/stock-vector-the-boiling-cauldron-of-potion-for-halloween-flat-vector-illustration-isolated-on-white-background-497982670.jpg,the boiling cauldron of potion for western christian holiday .
https://i.pinimg.com/736x/84/7e/00/847e00da08e482f64162161355760b58--edward-lear-childrens-books.jpg,"poetry book , written by author"
https://ssl.c.photoshelter.com/img-get/I0000EfCvu8qSXaU/s/880/704/Nightly-1-5-million-bats-live-under-the-Congress-Avenue-bridge-in-Austin-Texas-are-Austin-s-no-1-tourist-attraction-This-is-how-it-looks-when-over-a-million-bats-take-flight.jpg,filming location is home to the largest urban colony of free - tailed bats .
https://static1.squarespace.com/static/51677d31e4b0e454d76c53c9/59e03833b07869f894d953f4/59e11e77b07869268590fa19/1508995453589/bride-walking-bridesmaids-bridge.jpg,bride walking through the bridge with all of her bridesmaids
https://i.pinimg.com/736x/cc/b6/17/ccb617e4e5f0b80e47389a223554d3f5--drawing-techniques-drawing-tutorials.jpg,continuous line drawing of a horse
https://ak1.picdn.net/shutterstock/videos/5369261/thumb/1.jpg,northern cardinal perched on a branch during a heavy winter snow storm
https://thumb7.shutterstock.com/display_pic_with_logo/4190404/484575985/stock-vector-hand-drawn-beautiful-cute-girl-on-the-background-of-city-vector-illustration-484575985.jpg,hand drawn beautiful cute girl on the background of city .
https://i.pinimg.com/736x/75/e6/6b/75e66bd64558bbac32ac59e95b1c14f6.jpg,"knowledge is power - the more you know , the better you can advocate for your child ."
http://l7.alamy.com/zooms/e49cd45a2069430591c5485f6afa585a/reproduction-of-henry-cross-1856-1910-painting-near-the-house-from-b9f41m.jpg,reproduction of painting near the house from the collection
https://ak1.picdn.net/shutterstock/videos/774391/thumb/1.jpg?i10c=img.resize(height:160),ultralight powered parachute flies over farm land with mountain in the distance .
https://www.ocregister.com/wp-content/uploads/migration/lz6/lz6sx9-lz6svq01.crash.sa.062510.bbc.jpg?w=620,firefighters rescue a driver after a crash .
https://t3.ftcdn.net/jpg/00/86/79/72/500_F_86797211_dtAxK29vhPxtdpOCmUfT1Y4e07IFyr6R.jpg,the birthday cake with candles in the form of number icon .
http://l7.alamy.com/zooms/e2b2b689355348da830a71f64d16071a/illustration-of-a-double-a-battery-br7w0r.jpg,illustration of a double a battery
http://l7.alamy.com/zooms/41174f77eb4842e99bea7f2e2748b404/students-writing-during-an-exam-e4x002.jpg,students writing during an exam
http://l7.alamy.com/zooms/4c51729834f7469f9649f3c9a2dbe674/bushy-willow-over-the-lake-in-the-fall-light-and-shadow-seasonal-natural-f1wxat.jpg,bushy willow over the lake in the fall .
https://img.buzzfeed.com/buzzfeed-static/static/2016-01/29/15/campaign_images/webdr10/star-wars-tattoos-that-will-awaken-the-force-in-y-2-7738-1454098148-7_dblbig.jpg,star wars tattoos that will awaken the force in you
http://l7.alamy.com/zooms/0e09949df5d5438d981848bbb09ac1db/the-chequers-public-house-traditional-pub-in-old-building-on-corner-b0mpr9.jpg,the public house traditional pub in old building on corner
http://l7.alamy.com/zooms/ab8931e868d14382b2fe2fea86f7ce2e/christmas-lights-in-an-expensive-shopping-center-with-cars-parked-b6cc6m.jpg,christmas lights in an expensive shopping center with cars parked in front of a store
http://l7.alamy.com/zooms/cae64182034a42c3880b927dd7a50338/the-large-trunks-of-river-red-gum-eucalyptus-trees-lining-a-country-hgw5y6.jpg,the large trunks of eucalyptus trees lining a country road
https://thumb7.shutterstock.com/display_pic_with_logo/2239973/312018725/stock-photo-basic-font-for-letter-f-simple-flat-white-icon-in-the-orange-circle-illustration-symbol-312018725.jpg,basic font for flat white icon in the orange circle .
https://www.odt.co.nz/sites/default/files/styles/odt_portrait_medium_3_4/public/story/2016/04/a_mix_of_rhododendrons_and_native_plants_at_dunedi_4f866864be.JPG?itok=zmyE7kts,a mix of rhododendrons and native plants .
http://www.theislandsamui.com/images/slideshow/1.jpg,get in touch with the depth of the bright blue sea with its clear water and unspoiled white sandy beach
https://i.pinimg.com/736x/aa/5e/20/aa5e2077987456170317b3053d719805--wind-movie-vivien-leigh.jpg,the hand - painted movie poster for 1939 's epic film starring actor as film character
http://l7.alamy.com/zooms/a6fe5502f8af40a9810060ca2cd9294e/vegetables-in-a-chinese-wet-market-in-singapore-china-town-1-h7jnk4.jpg,vegetables in a wet market
http://l7.alamy.com/zooms/50f80f524fd741a5a415eff3d7cba49e/the-sharp-spikes-of-the-sweet-chestnut-shell-ed9prg.jpg,the sharp spikes of the shell
http://www.oneworldjustgo.com/wp-content/uploads/2016/02/Pastel-buildings-along-the-river-in-Innsbruck-Austria-5-14-520x720.jpg,pastel buildings along the river
https://www.theridgefieldpress.com/wp-content/uploads/sites/28/2016/06/PR-ROP-Fountain-foam3.jpg,water drains from the fountain .
https://i2-prod.birminghammail.co.uk/incoming/article10208716.ece/ALTERNATES/s615b/JS72854322.jpg,pop artist performs on stage as part of festival .
https://ak6.picdn.net/shutterstock/videos/3115276/thumb/1.jpg,locked - on shot of rock formations on the beach
https://s-media-cache-ak0.pinimg.com/originals/cd/50/8f/cd508fa6cf8463ea6a0e42200bf92150.jpg,"walking through a city during the market , while waiting person who went back ."
https://i.pinimg.com/736x/83/1b/85/831b85ff6cca39304b6cef32296d4d54---year-olds-dayz.jpg,person runs for a touchdown .
http://l7.alamy.com/zooms/628f4386f6384d4fb9c8dc6955d8d67f/girls-night-out-party-dancing-to-music-waving-hands-in-the-air-ff49cb.jpg,girls night out party dancing to music waving hands in the air
https://ak1.picdn.net/shutterstock/videos/13717001/thumb/10.jpg,a lot of coins scattered on the table
http://l7.alamy.com/zooms/07f46dc00be741f5960284e1a6ab02a1/woman-taking-a-photo-of-traditional-hungarian-esterhazy-cake-with-htk455.jpg,woman taking a photo of cake with smartphone .
http://l7.alamy.com/zooms/e7e6ce04b59b4deebd9969e1033d5dc7/in-this-image-it-has-been-taken-of-a-close-up-of-a-building-in-london-c7140y.jpg,in this image it has been taken of a close - up of a building in london which creates an interesting pattern from its
https://platformthing.files.wordpress.com/2011/07/rabbit-hole.jpg,rabbit sized style door in tree
https://ak6.picdn.net/shutterstock/videos/3123976/thumb/1.jpg,old sailing boat during a regatta
http://i.dailymail.co.uk/i/pix/2017/03/16/09/3E50778F00000578-4319242-image-m-36_1489655392395.jpg,a masked demonstrator carries a flare during a protest against proposed federal government reforms
https://images.fandango.com/ImageRenderer/400/0/redesign/static/img/default_poster.png/0/images/masterrepository/fandango/99841/hannibalrisingse10.jpg.jpg,comedian at the premiere of horror film .
https://i.pinimg.com/736x/8f/b1/b9/8fb1b9264982b3d1115cf8174c037a5b--budgies-parrots.jpg,there is nothing more fun than giving endless head rubs to parrots. :)
http://l7.alamy.com/zooms/91c442da451b4dec833116be228157ce/us-border-patrol-drives-along-the-fence-that-divides-arizona-and-mexico-dab3gk.jpg,government agency drives along the fence that divides us state and constitutional republic
http://l7.alamy.com/zooms/4c8c04ffe97740e1be00305349d8d437/close-up-of-a-sandwich-for-lunch-d4t2k6.jpg,close - up of a sandwich for lunch
https://ak5.picdn.net/shutterstock/videos/11457905/thumb/1.jpg,cat sits on the windowsill and looks out the window
https://ak6.picdn.net/shutterstock/videos/33757906/thumb/1.jpg?i10c=img.resize(height:160),island on a snowy winters day
http://brabbu.com/blog/wp-content/uploads/2015/12/india.jpg,how is western christian holiday celebrated around the world
http://l7.alamy.com/zooms/7c17ac45890645a2bb93985d2b4b2624/italian-plate-on-a-vintage-car-lancia-aurelia-24b-spider-year-1955-ewjbc8.jpg,plate on a vintage car
https://thumb7.shutterstock.com/display_pic_with_logo/623251/640964959/stock-vector-dragon-on-a-white-background-vector-640964959.jpg,"dragon on a white background , vector"
http://l7.alamy.com/zooms/5859a2459e0545f3afa83f9d8cecb030/an-illustration-of-a-burning-flaming-baseball-ball-on-fire-tearing-g2jcbe.jpg,an illustration of a burning flaming baseball ball on fire tearing a hole through a brick wall
https://fanart.tv/api/download.php?type=download&image=20901&section=2,contemporary christian artist album cover
https://i.pinimg.com/736x/64/f6/3e/64f63e3041c609ee16e44d3de5cf7c27.jpg,actor wears a gorgeous blush pink coloured gown at festival .
http://l7.alamy.com/zooms/ecac2411ad684ccd97e540293ec809a7/keith-emerson-and-carl-palmer-in-performance-on-the-brain-salad-surgery-er80k5.jpg,progressive rock artist and hard rock artist in performance on the tour
http://l7.alamy.com/zooms/690df77eae4a494396fffe6ed9747e04/italian-pop-singer-laura-pausini-performs-a-concert-at-o2-world-in-d621xk.jpg,latin pop artist performs a concert .
http://i.dailymail.co.uk/i/pix/2016/03/07/16/31EFDE1200000578-3479554-Eye_on_the_ball_Niall_did_his_best_to_keep_up_with_the_pros_atte-a-441_1457368994636.jpg,"eye on the ball : pop artist did his best to keep up with the pros , attempting to round person with a deft touch"
https://i.pinimg.com/736x/01/03/59/0103597e91e2362264c7c6c47249d7ea--types-of-blinds-office-blinds.jpg,a striking injection of hot pink takes these woods from ordinary to extraordinary .
http://ichef.bbci.co.uk/news/976/cpsprodpb/BD25/production/_83712484_tomfirmingerstroudglos1706.jpg,a green landscape shot with leaves in the foreground
http://l7.alamy.com/zooms/63be53c59b7c4d1eacc2bbd1f6ed7426/joyful-man-sleeping-and-hugging-a-soft-pillow-up-in-clouds-in-the-ffjkdy.jpg,joyful man sleeping and hugging a soft pillow up in clouds in the sky
http://l7.alamy.com/zooms/0504c8b564f343209a7ec9a72b6e58f6/city-of-armagh-rugby-players-having-half-time-discussion-in-a-game-f2wjb6.jpg,city of rugby players having half - time discussion in a game against a city
https://cdn4.pelicanparts.com/techarticles/Mercedes-W123/92-BRAKES-Front_Brake_Rotor_Replacement/images_small/pic08.jpg,the rotor is attached to the hub with a fair amount of torque and usually division .
https://africageographic.com/wp-content/uploads/2016/03/leopard.jpg,a perfectly timed action shot by person as a leopard jumps off a tree
https://photos.smugmug.com/archives/20132014/Sports/Volleyball/Volleyball-vs-Italy/i-pcxZThM/0/f5d5cf67/X2/09.24.2013.VolleyballvsItaly.full.jb-1-X2.jpg,person spikes the ball agains football team .
http://l7.alamy.com/zooms/1c8cae58fb4740d7922a2feed3fccd11/file-photo-dated-181016-of-bottles-of-gin-on-a-production-line-at-hjxjk8.jpg,file photo dated on a production line .
https://thumb9.shutterstock.com/display_pic_with_logo/758758/710915266/stock-vector-autumn-landscape-with-fall-leaves-on-the-branches-of-trees-710915266.jpg,autumn landscape with fall leaves on the branches of trees
https://image.shutterstock.com/z/stock-photo-romantic-couple-of-people-sitting-in-a-cafe-drinking-coffee-cartoon-123580741.jpg,romantic couple of people sitting in a cafe drinking coffee .
http://c8.alamy.com/comp/K0GWHB/afro-man-lose-his-gambling-with-a-glass-of-beer-on-the-table-isolated-K0GWHB.jpg,"man lose his gambling with a glass of beer on the table , isolated on white background"
https://webpics.classic.co.uk/webpic/3849/38490001.jpg?w=800&h=536&mode=crop&v=1&scale=both,the cottage looks out at this view !
https://thumb9.shutterstock.com/display_pic_with_logo/3933812/632994482/stock-photo-canadian-state-yukon-flag-waving-on-an-isolated-white-background-state-name-and-the-text-area-for-632994482.jpg,state flag waving on an isolated white background .
"https://thumb9.shutterstock.com/display_pic_with_logo/290671/290671,1265835810,2/stock-vector-vector-illustration-of-modern-single-icon-depicting-a-target-46412167.jpg",vector illustration of modern single icon depicting a target
http://www.blogbeen.com/wp-content/uploads/2017/09/-mesmerizing-bathroom-tiles-11-jpg-bathroom-full-version-helulis-.jpg,how to choose bathroom tiles which are perfect for your bathroom
https://thumb1.shutterstock.com/display_pic_with_logo/2805838/629437628/stock-photo-woman-doctor-with-a-stethoscope-isolated-on-white-629437628.jpg,woman doctor with a stethoscope .
https://solarbeez.files.wordpress.com/2013/12/cuckoo-wasp.jpg?w=500&h=509,"while i was waiting for a solitary bee , this insect strolled in ."
http://i.dailymail.co.uk/i/pix/2013/09/03/article-2409073-1B983D7B000005DC-262_634x428.jpg,illuminating : a runner jogs past a patch of intense light on the road
http://l7.alamy.com/zooms/bc970a06feaf472e831e963ccc494493/harlech-castle-in-gwynedd-on-the-west-coast-of-wales-uk-built-by-king-cb6851.jpg,castle on the west coast .
https://i.pinimg.com/736x/68/16/f5/6816f51fbe4fbfb08e3c291537990a72--gothic-windows-church-windows.jpg,architectural style an ornate window
http://l7.alamy.com/zooms/4c1a8feacf0d4f6684b1f368fd2c4817/goya-hispanic-canned-beans-in-a-supermarket-in-new-york-are-seen-on-cwhp2g.jpg,hispanic canned beans in a supermarket are seen .
http://l7.alamy.com/zooms/4109e5fcd07547b1b24ef94d3f191472/chef-holding-a-boiling-hen-sitting-in-a-pot-dgww5p.jpg,chef holding a boiling hen sitting in a pot
https://i.pinimg.com/736x/31/f0/8d/31f08d14763b7df1a1bd885b8969335c--zoe-fashion-fashion-models.jpg,celebrity style for less all at or around $100
http://l7.alamy.com/zooms/7baf7525a34e47489e13f196a6667214/pie-with-one-candles-and-gifts-in-boxes-on-a-white-background-g01d3h.jpg,pie with candles and gifts in boxes on a white background
http://l7.alamy.com/zooms/8186e77040544b34a189d7704f98c6f4/us-navy-boatswains-mate-2nd-class-joshua-dingman-maneuvers-a-rigid-e9w1me.jpg,2nd maneuvers a rigid - hull inflatable boat near the aircraft
https://static5.depositphotos.com/1000423/530/i/950/depositphotos_5301185-stock-photo-young-woman-in-a-shop.jpg,young woman in a shop buying clothes -- stock photo #
https://img.apmcdn.org/9842add497330726b4d124bbc262c0fc02a0eabd/uncropped/9289a0-20150623-aurora07.jpg,"between the trees , the northern lights glowed ."
http://l7.alamy.com/zooms/f8b43656821548598fbef868fb7bfa57/the-interior-of-bellagio-hotel-and-casino-in-las-vegas-h1k9t4.jpg,the interior of hotel and casino
http://l7.alamy.com/zooms/874fb473d8c74117b24547337fec63e3/cheeky-children-pulling-funny-faces-at-each-other-whilst-laying-on-fbhj5f.jpg,cheeky children pulling funny faces at each other whilst laying on the floor
https://ak4.picdn.net/shutterstock/videos/13097954/thumb/3.jpg?i10c=img.resize(height:160),sunny winter day in a snow - covered spruce forest at snowfall .
http://akvis.com/img/examples/decorator/kitchen-design/kitchen-stone.jpg,the doors with the stone texture
http://l7.alamy.com/zooms/450aba054ca04dd2a57325b9b687dc59/carved-stone-animals-on-a-public-fountain-in-kathmandu-nepal-ht567r.jpg,carved stone animals on a public fountain
https://draycottinmoors.files.wordpress.com/2016/07/vintage-vehicle.jpg,vintage vehicle in the car rally
https://thumb1.shutterstock.com/display_pic_with_logo/1141187/785194963/stock-vector-moose-icon-digital-red-for-any-design-isolated-on-white-vector-illustration-785194963.jpg,icon digital red for any design isolated on white
https://www.palmharbor.com/public/phhweb/gallery/file/30DBBDE4022E3EF4A3931F81C42CCD77/36520616052_2e1b7b7c92_z_640_7.jpg,big laundry room with shelving .
https://media-cdn.tripadvisor.com/media/photo-s/0e/17/79/c9/one-pound-of-fries-and.jpg,burger : pound of fries and some sauces
https://ak0.picdn.net/shutterstock/videos/31424980/thumb/1.jpg,kids having fun with each other during birthday party at home 4k
http://c8.alamy.com/comp/DH5YPP/alfa-romeo-gta-in-the-corsica-rally-1965-DH5YPP.jpg,automobile model in the rally
https://ak0.picdn.net/shutterstock/videos/23326150/thumb/1.jpg,wild koala sitting in a tree
http://l7.alamy.com/zooms/e6179965790b4194acaf97f2f68cbc40/red-fox-among-the-flowers-gppca4.jpg,red fox among the flowers
https://a0.muscache.com/im/pictures/0174eae9-41b0-4d30-b899-fe673d19cd29.jpg?aki_policy=x_large,looking into the kitchen and living room
https://us.123rf.com/450wm/mediagram/mediagram1306/mediagram130600008/20350594-ancient-ornamental-clock-face-with-roman-numbers-isolated-on-a-white-background.jpg?ver=6,ancient ornamental clock face with roman numbers isolated on a white background photo
https://image.shutterstock.com/display_pic_with_logo/388663/100983130/stock-vector-an-image-of-a-hand-holding-a-universal-remote-control-100983130.jpg,an image of a hand holding an universal remote control .
https://ak5.picdn.net/shutterstock/videos/30123325/thumb/1.jpg,"stairs to the pool , reflection in the water"
http://kathykansier.com/_kathyWP/wp-content/gallery/making-a-grand-entrance/On%20a%20Hill%20Far%20Away%20(close-up).jpg,on a hill far away
http://l7.alamy.com/zooms/346928ce11a84177bd39b328e5d2bf12/suburban-home-in-autumn-sunshine-as-the-leaves-turn-orange-yellow-cra0x6.jpg,suburban home in autumn sunshine as the leaves turn orange & yellow
http://78.media.tumblr.com/ef9d23bd3a00759832e50d80e0c500ec/tumblr_o5b1vwVOz31tcv6r5o1_1280.jpg,new school style tattoo on the left calf .
https://ak4.picdn.net/shutterstock/videos/5209544/thumb/1.jpg,no swimming sign at ocean shore
https://us.123rf.com/450wm/davids47/davids471712/davids47171200785/91244667-abstract-cute-clown-on-a-white-background-.jpg?ver=6,abstract cute clown on a white background .
http://c8.alamy.com/comp/K1H101/vintage-retro-metal-lock-on-a-gray-door-classic-hanging-lock-attrition-K1H101.jpg,vintage metal lock on a gray door .
https://i.pinimg.com/736x/f9/4c/74/f94c74d2ae4f34c48d6add0fa9e1065c--the-pelican-kayaks.jpg,"sports equipment features hull material and a molded seat with an adjustable , padded back rest ."
http://cf.ltkcdn.net/garden/images/slide/112231-849x565-Flowering-Quince.jpg,pictures of plants that grow in winter
http://78.media.tumblr.com/c10efa16cdc3caa68aa68e6716e93940/tumblr_mv6ndpDNvm1sfef1oo1_1280.jpg,fans anxiously awaiting the gates to open for festival .
https://s-media-cache-ak0.pinimg.com/736x/f5/75/10/f5751058a1d4c7c17e515afdc1232d22.jpg,phantom of the opera inspired prom dresses
https://thumb9.shutterstock.com/display_pic_with_logo/3144011/445111306/stock-photo-silhouettes-of-a-gymnastic-girl-watercolor-illustration-on-white-background-445111306.jpg,silhouettes of a gymnastic girl .
https://lookaside.fbsbx.com/lookaside/crawler/media/?media_id=1515461661878387,"image may contain : person , on stage , standing and playing a musical instrument"
https://ak6.picdn.net/shutterstock/videos/16267816/thumb/1.jpg,horse grazing on a summer meadow in the forest outdoors
https://thumb10.shutterstock.com/display_pic_with_logo/121321/187209623/stock-photo-concept-illustration-showing-a-magnifying-glass-over-a-few-footprints-187209623.jpg,concept illustration showing a magnifying glass over a few footprints
https://s-media-cache-ak0.pinimg.com/originals/93/02/05/93020570a682b8ef0b1e95c641dd0adb.jpg,film character added to a skull .
https://ak4.picdn.net/shutterstock/videos/30186064/thumb/1.jpg,ducks by the water in a public park
http://l7.alamy.com/zooms/d7bac826026f42f595e16c5cf5b132af/view-over-hamburg-germany-the-church-is-called-st-petri-and-is-one-ark9t8.jpg,view the church is called gothic structure and is one of the main churches
https://i.pinimg.com/736x/94/37/ed/9437ed973a2043881bc0dc49bd0773f1--grand-teton-national-park-national-parks.jpg,i would go because of the beautiful land and mountains
http://l7.alamy.com/zooms/052bf1138f48446aa42a63a121d6955e/various-spices-forming-the-flag-of-liberiaseries-hpjh4t.jpg,various spices forming the flag .
http://l7.alamy.com/zooms/a616e9fbaf074c349121d0c76100b464/a-growing-plant-in-a-forest-ghgb9f.jpg,a growing plant in a forest
https://fulbrightchicago.files.wordpress.com/2013/05/certificate1.jpg,a group photo of the students who attended the event and got their certificates .
http://l7.alamy.com/zooms/86107c9fce184adfa6499abdaddf75d9/stacked-eggs-in-the-shape-of-a-graph-isolated-on-a-white-background-ea7jr7.jpg,"stacked eggs in the shape of a graph , isolated on a white background"
https://jakstrips.files.wordpress.com/2013/05/p1010703.jpg?w=840,big snow from the train
https://i.pinimg.com/736x/57/78/34/5778341f80e61351c28a254b244ecf73--julie-real-life.jpg,the wedding featured in issue of no . magazine .
https://thumb1.shutterstock.com/display_pic_with_logo/530923/294380024/stock-photo-little-boy-and-his-sister-with-father-playing-together-on-the-tropical-beach-294380024.jpg,little boy and his sister with father playing together on the tropical beach .
https://twobytour.files.wordpress.com/2017/12/20171217_014103.jpg?w=863,the sun setting over the scorched forests .
http://i.dailymail.co.uk/i/pix/2014/03/21/article-2586029-1C776AFF00000578-426_634x588.jpg,person is considering taking legal action against the glue 's manufacturer .
https://i.pinimg.com/736x/b3/6c/a5/b36ca5657a7a93234dfab912e068570f--men-in-kilts-wealth.jpg,dog in a kilt :)
http://l7.alamy.com/zooms/990ca95fd28e45eab03494d61b2dd08f/an-apple-on-a-stack-of-paper-close-up-c3kf2m.jpg,"an apple on a stack of paper , close - up"
"https://thumb7.shutterstock.com/display_pic_with_logo/153391/153391,1219861824,1/stock-photo-the-letter-p-spelled-using-christmas-balls-isolated-on-a-white-background-16615774.jpg","the letter p spelled using balls , isolated on a white background"
https://img.buzzfeed.com/buzzfeed-static/static/2016-07/25/10/asset/buzzfeed-prod-web05/sub-buzz-1771-1469456640-3.jpg?downsize=715:*&output-format=auto&output-quality=auto,"venture funded company called these sugar - glazed , slow - smoked ribs"
"https://thumb7.shutterstock.com/display_pic_with_logo/832432/832432,1326569928,1/stock-photo-sweet-yorkie-puppy-sitting-in-an-easter-basket-with-easter-eggs-and-grass-on-a-white-background-92723245.jpg",puppy sitting in a basket with easter eggs and grass on a white background .
https://ak6.picdn.net/shutterstock/videos/30627796/thumb/1.jpg,the moon in the black sky at night
https://ak0.picdn.net/shutterstock/videos/7920490/thumb/1.jpg,person curved bright corridor with light passing from the turn
https://s-media-cache-ak0.pinimg.com/originals/fb/65/c9/fb65c97543a36b6d7c69abe1ab842606.jpg,i like how they chose a fast shutter speed and captured the water around the bear
https://www.universetoday.com/wp-content/uploads/2016/05/Earth-magnetosphere-ESA-Medialab.jpg,the magnetic field and electric currents generate complex forces that have immeasurable impact on every day life .
https://ak2.picdn.net/shutterstock/videos/14772322/thumb/1.jpg,the tunnels in old city
http://l7.alamy.com/zooms/bdac0eaac32b4ade9fe033412b167da6/woman-with-a-yellow-measuring-tape-around-her-mouth-isolated-in-green-enm6hm.jpg,"woman with a yellow measuring tape around her mouth , isolated in green"
http://c8.alamy.com/comp/JM955E/humayuns-wrinkled-frog-an-endemic-to-western-ghats-JM955E.jpg,wrinkled frog : an endemic to western ghats
https://i.pinimg.com/736x/f6/4c/42/f64c4293fc81f78ebbb9fb615e8b1883--christian-women-christian-life.jpg,"do you have a big decision to make , and you are wondering -- should you pray to deity for a sign ? here is what poetry book says ."
http://l7.alamy.com/zooms/21c58701b92d451c863c90d20f507995/a-man-and-two-boys-on-a-steep-slope-herding-two-cows-and-goats-c6hc7j.jpg,a man and boys on a steep slope herding cows and goats
https://ars.els-cdn.com/content/image/1-s2.0-S0925838808003174-gr1.jpg,block diagram of the experimental setup
https://s-media-cache-ak0.pinimg.com/originals/39/2d/d3/392dd36060d22d168a5fc32ea9c8552e.jpg,love is like a beautiful flower ...
https://media-cdn.tripadvisor.com/media/photo-s/04/57/91/4b/caravelle-tower.jpg,view of the street from pool area
http://l7.alamy.com/zooms/586e1d137f44458b8dc60e650d603a6d/business-executives-discussing-in-a-meeting-d0pb4e.jpg,business executives discussing in a meeting
https://s-media-cache-ak0.pinimg.com/originals/6f/2e/84/6f2e8420b91961b63586776ae994dd8c.jpg,vase with flowers and book by the window
http://l7.alamy.com/zooms/5334ca4f11de4505a2834cac69da0795/a-close-up-detail-shot-of-a-womans-shoe-with-funky-laces-on-a-pink-s1mtc6.jpg,a close - up detail shot of a woman 's shoe with funky laces on a pink background
https://thumb7.shutterstock.com/display_pic_with_logo/1587242/781631599/stock-vector-gold-snowflake-on-a-red-background-new-year-781631599.jpg,gold snowflake on a red background .
http://l7.alamy.com/zooms/b1c01275cd074ddf93df1f510037780c/after-the-snowfall-snow-covered-residential-street-in-calgary-alberta-c5d9kp.jpg,after the snowfall ; snow covered residential street
"https://thumb7.shutterstock.com/display_pic_with_logo/837868/837868,1314823742,5/stock-photo-happy-young-man-jumping-in-air-with-arms-extended-on-a-city-background-83787220.jpg",happy young man jumping in air with arms extended on a city background
https://lookaside.fbsbx.com/lookaside/crawler/media/?media_id=10154862198599091,"image may contain : person , on stage , playing a musical instrument and indoor"
https://ak2.picdn.net/shutterstock/videos/26181212/thumb/1.jpg,the man in the gym
http://www.niketandesigns.com/uploaded_images/GalleryImages/Niketan-Interior-Designs-Temple%20in%20the%20home.jpg,interior design ideas for temple in the home
https://image.freepik.com/free-vector/silhouette-of-a-pregnant-woman_23-2147505543.jpg,silhouette of a pregnant woman free vector
http://i.dailymail.co.uk/i/pix/2015/11/14/06/2E6A11FD00000578-0-image-a-2_1447482305593.jpg,"paradise : she has been staying with her partner , and geographical feature category"
https://markjanzenphotography.com/wp-content/uploads/2017/08/yosemite-elopement-tuolumne-meadows-16.jpg,portrait of a bride and person overlooking mountain after their wedding
https://s-media-cache-ak0.pinimg.com/736x/c8/13/5a/c8135adf727f52813fda2285ed6011c2.jpg,black matte with a touch of pink .
https://ak7.picdn.net/shutterstock/videos/5743127/thumb/1.jpg,motion in the winter forest
http://l7.alamy.com/zooms/07cbc9ae54c5420b96dc1e07218138f2/group-of-sardines-on-a-colorful-bench-for-sale-in-fresh-seafood-market-fm0ccx.jpg,group of sardines on a colorful bench for sale in fresh seafood market .
http://cdn.abclocal.go.com/images/otrc/2010/photos/130313-galleryimg-otrc-dwts-dancing-stars-rehearsal-rademacher-1.jpg,rehearses ahead of the premiere .
https://i.pinimg.com/736x/fd/a8/09/fda809d5b4572f85e702ba6865ca70a0--negroni-cocktail-cocktail-glass.jpg,"the quintessential cocktail , is one of those drinks that never go out of style ."
https://thumb10.shutterstock.com/display_pic_with_logo/4463122/641589547/stock-photo-flame-of-fire-with-sparks-on-a-black-background-641589547.jpg,flame of fire with sparks on a black background
https://thumb7.shutterstock.com/display_pic_with_logo/2522116/431128405/stock-vector-isolated-cute-elephant-on-a-white-background-431128405.jpg,isolated cute elephant on a white background
http://l7.alamy.com/zooms/a12ad6657dfb44189c95b79c67e944e5/an-old-worn-out-fence-at-the-edge-of-woodland-d71fcg.jpg,an old worn out fence at the edge of woodland
https://basementvision.files.wordpress.com/2014/09/van-under-the-stars-copy.jpg?w=1000&h=666,camper van under the stars
"https://thumb9.shutterstock.com/display_pic_with_logo/437/437,1319468471,2/stock-photo--d-illustration-of-a-capsule-punching-a-virus-87292963.jpg",3d illustration of a capsule punching a virus
https://ak2.picdn.net/shutterstock/videos/14667142/thumb/6.jpg?i10c=img.resize(height:160),handshake of businessmen on the background of night city .
https://ak2.picdn.net/shutterstock/videos/23849782/thumb/1.jpg?i10c=img.resize(height:160),young man in jacket walking on the wooden dock in harbor with boats around
https://i.pinimg.com/736x/cd/63/a4/cd63a49e8bb0ea0807dca148f42490a1--istanbul-market-istanbul-travel.jpg,"shopping center is one of the largest and oldest covered markets in the world , with covered streets and shops which attract visitors daily ."
http://www.huahin-home-property.com/wp-content/uploads/2016/11/2immobilier-real-eatate-huahin-maison-a-vendre-condo-for-salerent-The-Autumm-Khao-takibe.jpg,the autumn bedroom apartment -- for sale & rent --
https://us.123rf.com/450wm/komrad103/komrad1031608/komrad103160800006/61121962-the-pattern-with-decorative-ornament-in-vintage-style.jpg?ver=6,the pattern with decorative ornament in vintage style
http://l7.alamy.com/zooms/9899fc7876fd43eab2344faf01a9a7b5/lightning-strikes-the-ground-and-flashes-across-the-night-sky-e5wbe7.jpg,lightning strikes the ground and flashes across the night sky
https://thumb7.shutterstock.com/display_pic_with_logo/2012873/486244705/stock-photo-little-girl-holding-a-sheet-of-cardboard-on-the-cardboard-label-i-am-hungry-the-child-is-three-486244705.jpg,little girl holding a sheet of cardboard .
https://thumb7.shutterstock.com/display_pic_with_logo/165294712/777310501/stock-vector-cheerful-snowman-in-a-hat-with-green-scarf-cute-vector-illustration-777310501.jpg,"cheerful snowman in a hat with green scarf , cute"
https://i.pinimg.com/736x/04/d2/91/04d29114ab38f5e3420f01bd7cbd570a--birthday-cakes-for-kids-birthday-cake-recipes.jpg,person wants this cake for his birthday
https://ak0.picdn.net/shutterstock/videos/20706640/thumb/1.jpg?i10c=img.resize(height:160),aerial view of a sunset in a mountain village
https://s-media-cache-ak0.pinimg.com/originals/99/96/d9/9996d94e5b7703cdaa79bfd1ec71745b.jpg,a mix of glass candlesticks and vases topped with lush white flower arrangements had a clean yet glam look .
http://c8.alamy.com/comp/K95TBP/view-of-a-loch-and-pine-forest-in-cairngorms-national-park-scotland-K95TBP.jpg,view of a loch and pine forest .
http://archive.sltrib.com/images/2017/0719/RSL_072017~0.jpg,soccer player navigates through the defense during a soccer match
https://i.pinimg.com/736x/c4/73/d4/c473d46d476776d3f98ead9dbdeaed77--break-outs-juice.jpg,break out the no - no juice !
https://image.shutterstock.com/z/stock-photo-furniture-falling-through-a-hole-in-the-floor-above-abandoned-factory-108785231.jpg,furniture falling through a hole in the floor above .
https://inthekauffmangarden.files.wordpress.com/2015/06/img_2910.jpg?w=584,informational signs on the tour
https://i.pinimg.com/736x/45/fd/72/45fd721f395fe864b78f69c58a7f5d73--the-interview-the-suits.jpg,this the suit my design team choose for me to wear for the interviews .
https://ak5.picdn.net/shutterstock/videos/33230125/thumb/1.jpg?i10c=img.resize(height:160),unidentified women in traditional clothes .
https://i.pinimg.com/736x/e9/93/16/e99316d4e619728461f2b3610bba1e6b--orange-wedding-bouquets-orange-weddings.jpg,beautiful pink and orange wedding bouquet by person !
http://l7.alamy.com/zooms/31ef39387b87499488a43e0436d1036e/family-buying-vegetables-in-a-supermarket-af74jh.jpg,family buying vegetables in a supermarket
http://l7.alamy.com/zooms/4bd8fedfa9af40729b89659f32a61d4b/railways-and-trains-made-of-lego-or-straws-in-a-toy-naive-fashion-aaxjk8.jpg,railways and trains made of lego or straws in a toy naive fashion
https://ak8.picdn.net/shutterstock/videos/31013338/thumb/1.jpg,birds fly over the river in the rays of the orange sun at sunset
http://3.bp.blogspot.com/-WIsnPej5A8c/U0RkOTYoJOI/AAAAAAAAVck/QmWL5ik5Rms/s1600/tulle-skirt-black-heels.jpg,stripes and a tulle skirt with black perforated heels and gold jewelry
https://ssl.c.photoshelter.com/img-get/I0000vgw4Z6HGSW8/s/750/750/Jamie-Lee-Curtis-44.jpg,actor at the premiere held .
"https://thumb7.shutterstock.com/display_pic_with_logo/80552/80552,1174953972,1/stock-photo-a-blend-of-abstract-shapes-and-shades-a-great-background-or-texture-2954174.jpg",a blend of abstract shapes and shades .
https://i.pinimg.com/736x/82/f7/9f/82f79f505693aaec03ef1959a1e4ab23.jpg,sports league championship : sports team at baseball player gives the thumbs down sign after hitting a double in the second inning .
https://i.pinimg.com/736x/17/67/64/176764d8f0a244a8191c4671a5f69a8b--the-s-woman-haircut.jpg,"back in the 50s , haircuts were all the rage for women too"
https://ak1.picdn.net/shutterstock/videos/31173391/thumb/1.jpg,live crabs on a green background
https://ak9.picdn.net/shutterstock/videos/8093599/thumb/12.jpg,parliamentary republic extruded on the world map with administrative borders and graticule .
http://l7.alamy.com/zooms/7a87a933cc864be5bbdfc556b01a6c49/china-anhui-province-huangshan-city-rain-soaked-streets-in-the-old-bfmxrt.jpg,"city , rain soaked streets in the old town"
https://twinkleintaiwan.files.wordpress.com/2016/02/img_8327.jpg?w=629&h=839,snow and palm trees - the view from the window at the conference !
http://i.dailymail.co.uk/1/2017/06/04/20/wire-704499-1496605837-199_634x413.jpg,cricket fans celebrate after their captain scored runs during the match .
https://media-cdn.tripadvisor.com/media/photo-s/02/ff/7e/03/mohonk-mountain-house.jpg,tourist attraction from the trail
http://l7.alamy.com/zooms/611a1428e4a543a1b4aa5af0994b4193/elderly-woman-enjoying-the-view-of-the-ocean-from-a-bench-on-a-pier-bntreb.jpg,elderly woman enjoying the view of the ocean from a bench on a pier
http://l7.alamy.com/zooms/ef807e9cfcc749129cfea6b33e1f4603/bulldog-dressed-as-a-chicken-bgccpk.jpg,animal dressed as a chicken
http://l7.alamy.com/zooms/2932094f958d4c2096f5f0406d905ab0/a-jewish-bride-in-her-wedding-dress-b6mdek.jpg,a bride in her wedding dress
https://image.shutterstock.com/display_pic_with_logo/4341208/526914274/stock-photo-black-bicycle-isolated-on-a-white-background-526914274.jpg,black bicycle isolated on a white background
https://ak0.picdn.net/shutterstock/videos/1603210/thumb/1.jpg,seals fighting for a spot to sleep on the rocks
https://dc-cdn.s3-ap-southeast-1.amazonaws.com/a739795d15f8de1a4dbd806f98b2a0df4ac75322-tc-img-preview.jpg,hang them with chains in your play area and let the kids enjoy their time .
http://tiphero.com/wp-content/uploads/2016/10/groom-look11.jpg,person and father of the bride crying .
http://st.houzz.com/fimgs/4431d34700dcd9be_1873-w660-h431-b0-p0--contemporary-laundry-room.jpg,ways to make the most of your laundry room
http://l7.alamy.com/zooms/0251e00e751a4f39b971271b0e8007eb/an-appearance-on-the-big-stage-in-the-blood-of-many-artists-d55mkd.jpg,an appearance on the big stage in the blood of many artists
http://l7.alamy.com/zooms/bedb0901cc8743fc9e1ddcfa41ab1ce9/policeman-on-the-motorcycle-passing-quickly-through-fields-of-grain-gdgrr9.jpg,policeman on the motorcycle passing quickly through fields of grain
http://l7.alamy.com/zooms/61dce7186ff040169c63c32a0292ac78/a-grasshopper-on-a-tiled-bathroom-floor-eb0f8m.jpg,a grasshopper on a tiled bathroom floor
https://i.pinimg.com/736x/59/a9/4b/59a94b8a41d3f3d927abaf1bfa0700a2--reduce-reuse-recycle-zach.jpg,these pencils that grow into plants .
https://thumb1.shutterstock.com/display_pic_with_logo/4428793/532321678/stock-vector-flat-paper-cut-style-icon-of-a-car-vector-illustration-532321678.jpg,flat paper cut style icon of a car
"https://thumb7.shutterstock.com/display_pic_with_logo/110470/110470,1309715712,1/stock-vector-vector-illustration-of-abstract-icons-based-on-the-letter-v-80347921.jpg",vector illustration of abstract icons based
https://ak0.picdn.net/shutterstock/videos/27077590/thumb/1.jpg,young woman get out of the car near the road
https://khaliladis.files.wordpress.com/2014/03/dsc05365.jpg,the crowd at last year 's expo .
https://image.shutterstock.com/z/stock-photo-view-of-the-mediterranean-sea-from-a-roof-terrace-in-andalucia-spain-48977794.jpg,view from a roof terrace
http://l7.alamy.com/zooms/53c5c63ba35548f38ea081a66b975a24/hiker-with-map-on-a-trail-in-the-redwood-forest-national-park-california-famtb0.jpg,hiker with map on a trail .
https://ak5.picdn.net/shutterstock/videos/31612495/thumb/1.jpg,teenage boys pitching a tent at the lake in forest
https://s-media-cache-ak0.pinimg.com/originals/50/aa/13/50aa131883ccff8149dc7a174d7ad050.jpg,think the slow cooker is just for meat ? no way !
https://image.shutterstock.com/z/stock-vector-couple-dancing-at-party-and-enjoying-each-other-black-silhouettes-of-woman-wearing-dress-and-man-726105589.jpg,"couple dancing at party and enjoying each other , black silhouettes of woman wearing dress and man in suit on vector illustration isolated on white"
http://l7.alamy.com/zooms/d30219c872ff46d4a74a482385d567f7/a-female-waiting-to-cross-a-road-and-sheltering-under-her-umbrella-c5gygg.jpg,a female waiting to cross a road and sheltering under her umbrella in a shower of rain
https://i.pinimg.com/736x/de/6f/69/de6f69cec0832c66ec9530f520eb3f07--jacksonville-beach-maps.jpg,"map that i drew a while ago , just before we moved ."
https://thumb1.shutterstock.com/display_pic_with_logo/541072/117482308/stock-vector-yellow-house-on-the-hill-and-rainbow-summer-landscape-vector-illustrator-117482308.jpg,yellow house on the hill and rainbow .
https://ak3.picdn.net/shutterstock/videos/11212163/thumb/1.jpg,father and little son are sitting by the window in evening and watching cartoons in tablet pc
http://l7.alamy.com/zooms/a2274bdf3910420e93678a22c191e7fa/wayne-coyne-of-the-flaming-lips-crowd-surfing-in-a-giant-ball-at-glastonbury-bn18f6.jpg,surfing in a giant ball at festival
http://i.dailymail.co.uk/i/pix/2017/04/21/11/3F738CF600000578-3923968-image-a-16_1492771101104.jpg,each of the bedrooms features furniture that has been designed by an internationally renowned artist
https://static.lgamerica.com/assets/images/content/stock-images/dad-son-2x.jpg,happy father and son smiling at each other
http://l7.alamy.com/zooms/a828a4577a2a44c9bdde9c5e116b59d1/hugh-douglas-hamilton-portrait-of-a-mother-and-child-hm3meg.jpg,person of a mother and child
https://i.pinimg.com/736x/91/19/bb/9119bbdd82863406956f28905f15c267.jpg,hand drawn vector illustration or drawing of a dove bird representing the holy spirit symbol
https://i.pinimg.com/736x/cb/7e/98/cb7e984178061ee44452a6d05e39a40e--s-fashion-women-vintage-fashion-s.jpg,person it is not possible for this to be any more darling !
http://l7.alamy.com/zooms/8010f36909954eaba103dcec48402459/voters-take-part-in-the-eu-referendum-at-st-thomass-church-centre-g5pkw9.jpg,voters take part in the referendum
https://ak7.picdn.net/shutterstock/videos/14574277/thumb/1.jpg,caucasian family walking on a beach at sunset
https://us.123rf.com/450wm/jroblesart/jroblesart1501/jroblesart150100022/35459038-an-illustration-of-a-beehive-suspended-from-a-tree-with-bees-around-it.jpg?ver=6,an illustration of a beehive suspended from a tree with bees around it illustration
https://i.pinimg.com/736x/ba/7b/69/ba7b69c982aa5a019b261d0cebc8ad94--dark-roast-roasts.jpg,"a full cup of dark roast , cob , and matches ; all set to relax ."
https://ak8.picdn.net/shutterstock/videos/24829178/thumb/9.jpg?i10c=img.resize(height:160),happy and smiling woman walking and talking on the phone .
https://ak9.picdn.net/shutterstock/videos/17926765/thumb/1.jpg,a mom cleans & plays with her baby .
https://ak7.picdn.net/shutterstock/videos/31599487/thumb/1.jpg?i10c=img.resize(height:160),abandoned dock stretches out into the rippling waters of a loch under a clouded sky in beautiful high definition 4k
http://l7.alamy.com/zooms/958f168d2cef4c21944be6759e52f3a3/a-picture-of-a-sparkling-clean-bathroom-d65k9e.jpg,a picture of a sparkling clean bathroom
https://thumb7.shutterstock.com/display_pic_with_logo/806698/222208009/stock-photo-wooden-sign-isolated-on-the-white-background-d-illustration-222208009.jpg,wooden sign isolated on the white background .
https://us.123rf.com/450wm/donets/donets1507/donets150700862/42964939-no-sign-or-symbol-with-long-shadow.jpg?ver=6,no sign or symbol with long shadow
http://www.veoapartment.com/photo/0840/large/0840_valladares-veo-apartment-seville-25.jpg,apartment - free parking in the apartment building .
http://l7.alamy.com/zooms/edce7674ea3943f5a7cb9bdec34c1887/brazil-brasilia-dramatic-sky-with-bell-tower-of-the-cathedral-our-dj9wh5.jpg,dramatic sky with bell tower of person
http://c8.alamy.com/comp/K5KGP7/john-forte-sings-new-songs-from-his-latest-album-at-the-greenpoint-K5KGP7.jpg,hip hop artist sings new songs from his latest album at festival .
https://i.pinimg.com/736x/5d/1a/ee/5d1aeebbe7a364b0024c287b1f19df34--school-boy-the-funniest.jpg,literally the funniest anime i 've seen in awhile !
https://images.milled.com/2015-05-09/GfJXDdghJbrgEcj0/s4y7e0eBv1KT.jpg,you 've never been on a bus like this .
https://cdn.decoist.com/wp-content/uploads/2015/06/Zigzag-bridge-steals-teh-show-in-the-Japanese-garden.jpg,zigzag bridge steals the show in the garden
https://cdn-2.motorsport.com/images/mgl/68vG5gG2/s8/f1-japanese-gp-2017-lewis-hamilton-mercedes-amg-f1-signs-autographs-for-the-fans.jpg,"award winner , signs autographs for the fans"
http://l7.alamy.com/zooms/f8b7ba895774408e81f254e1ed5a3cc7/brown-and-white-goat-eating-green-pasture-on-a-cloudy-day-in-a-cuban-fhcmm2.jpg,person and white goat eating green pasture on a cloudy day in a farm
https://thumb1.shutterstock.com/display_pic_with_logo/3050456/531296644/stock-photo-portrait-of-a-white-leopard-snarling-mouth-531296644.jpg,portrait of a white leopard snarling mouth
https://i.pinimg.com/736x/40/cc/60/40cc60fa4c18f2f9e4d43838114ee154--back-neck-tattoos-zelda-tattoo.jpg,that is gorgeous lookin tattoo !
https://ak5.picdn.net/shutterstock/videos/17228905/thumb/12.jpg,portrait of a happy family with a pregnant mother
https://image.shutterstock.com/display_pic_with_logo/4137676/534273550/stock-vector-festive-interior-of-the-room-girl-milk-and-cookies-snack-for-santa-claus-vector-text-534273550.jpg,festive interior of the room .
https://i.pinimg.com/736x/fa/18/f9/fa18f94e2388a6d0bda3ab9328decc28.jpg,"if this was my bathroom , i 'd feel like i was in a hotel all the time"
http://l7.alamy.com/zooms/b03e24dee80e479e851a1f358c53bceb/its-a-photo-of-a-young-woman-who-is-hiding-herself-behind-her-hands-embkyt.jpg,it 's a photo of a young woman who is hiding herself behind her hands in a field or farm in the countryside
https://d2gg9evh47fn9z.cloudfront.net/800px_COLOURBOX1215820.jpg,stock image ofred european squirrel sitting on top of a green painted fence while it 's snowing .
https://s-media-cache-ak0.pinimg.com/736x/d1/25/d2/d125d24b7f160c11fb056b968bc34e93.jpg,radio broadcaster takes you on an extensive tour as decorated for the christmas season .
http://l7.alamy.com/zooms/f73e0cbf37764b08a957a32dddfbdcda/uelzen-germany-december-04-2016-people-waiting-on-the-platform-at-hdy07f.jpg,people waiting on the platform at the train station designed by artist
https://lookaside.fbsbx.com/lookaside/crawler/media/?media_id=657209177718359,view of the woods from the back of person .
http://bossingnewzealand.co.nz/wp-content/uploads/2013/10/huka-falls-taupo.jpg,waterfall that drains crater lake
https://static1.squarespace.com/static/52cdc126e4b0fda894481ae5/t/5640c090e4b031347f7ad298/1447084177908/?format=750w,the doll has bent arms and adjustable legs .
http://l7.alamy.com/zooms/2a4417deb0ec4eec953b3e13459a41f2/small-bridge-in-the-park-hbfmt5.jpg,small bridge in the park
http://c8.alamy.com/comp/BT4XAD/a-stack-of-antique-red-leather-bound-shakespeare-books-with-gold-lettering-BT4XAD.jpg,a stack of antique red leather bound books with gold lettering and details
http://c8.alamy.com/comp/D0NDMG/a-car-leaving-coleen-rooneys-parents-house-it-is-rumoured-she-remains-D0NDMG.jpg,a car leaving parents house .
https://image.shutterstock.com/display_pic_with_logo/968654/256797787/stock-photo-card-with-circular-oriental-pattern-of-floral-motif-on-a-dark-blue-circle-hand-drawn-256797787.jpg,card with circular oriental pattern of floral motif on a dark blue circle .
https://thumb1.shutterstock.com/display_pic_with_logo/615538/460300654/stock-photo-test-form-long-shadow-icon-style-is-a-flat-test-form-black-and-white-iconic-symbol-on-a-gray-460300654.jpg,test form long shadow icon .
https://static1.squarespace.com/static/562b9c9ee4b01024eb5d89ee/t/56c533c9859fd08f98716fdb/1455764534912/,picture of tables and benches within the large dining space
"https://static.wixstatic.com/media/dd1cc2_14e8957262c84e0cb6d4496f9f725741~mv2_d_2628_1536_s_2.jpg/v1/fill/w_500,h_500,al_c,q_90/file.jpg",photograph of pink hanging flowers with a dark blue background
https://us.123rf.com/450wm/ciarada/ciarada1301/ciarada130100008/17626116-simple-geometric-shapes-forming-an-abstract-seamless-pattern-on-textured-background.jpg?ver=6,simple geometric shapes forming an abstract seamless pattern on textured background .
https://thumb1.shutterstock.com/display_pic_with_logo/1867412/434086330/stock-photo-abstract-background-with-patterns-like-flower-or-a-symbol-embossed-on-the-surface-metallic-blue-434086330.jpg,abstract background with patterns like flower or a symbol embossed on the surface metallic blue .
http://l7.alamy.com/zooms/b6678302cd3849cea6deade0510ae28f/rusty-nuts-and-bolts-on-a-plain-white-background-bnyd3n.jpg,rusty nuts and bolts on a plain white background
https://i.pinimg.com/736x/ea/01/ae/ea01ae00a0d093111a5db24ba3cbab5c--sarajevo-bosnia-bosnia-and-herzegovina.jpg,sun setting over the city
https://ak4.picdn.net/shutterstock/videos/15890644/thumb/1.jpg,sea waves running on the sandy shore leaving a foam in slow motion
https://image.shutterstock.com/z/stock-photo-boy-flying-a-kite-in-a-field-at-sunset-339917102.jpg,boy flying a kite in a field at sunset
https://i.pinimg.com/736x/78/8d/ba/788dbaaded9eb2bc69c08fe9e719a583--deuteronomy--in-the-clouds.jpg,try to be a rainbow in someone 's cloud . poet
https://i.pinimg.com/736x/0b/2c/3c/0b2c3cb9fbd9a83ef7d24fd2af145556.jpg,and again we would like to rejoice you with our elvish dress it 's the first time when it was ordered in such colours and unexpectedly for us we have got such an interesting result of combining red with silver .
http://cache.sporttracks.mobi/blog/images/2017/05/how-to-track-swims-garmin-230-on-arm.jpg,a watch on a swimmer 's arm
http://l7.alamy.com/zooms/562c59e990974308a56f5742becdb691/georgian-shops-in-the-high-street-in-the-typical-english-market-town-bap84c.jpg,shops in the typical market town
https://us.123rf.com/450wm/alexmstudio/alexmstudio1412/alexmstudio141200015/34378213-cartoon-illustration-of-the-summer-in-the-park-with-cityscape-in-background-.jpg,cartoon illustration of the summer in the park with cityscape in background .
https://www.gannett-cdn.com/-mm-/894851dbdb9ddbededab08bd52f3ef3c3edd6bdb/c=36-0-604-427&r=x408&c=540x405/local/-/media/2016/09/28/TXNMGroup/ElPaso/636106791388043828-Artshow2.jpeg,person will have an art exhibit with her daughter
http://l7.alamy.com/zooms/5cada0355b64468aa1495b1a1e2621f7/walkway-through-sunken-forest-with-eroded-limestone-at-the-lake-cave-gx8gwf.jpg,walkway through sunken forest with eroded limestone at the exterior
https://thumb9.shutterstock.com/display_pic_with_logo/69545/753928222/stock-photo-elegant-rich-gold-metallic-lowercase-or-small-letter-s-in-a-d-illustration-with-a-golden-yellow-753928222.jpg,elegant rich gold metallic lowercase or small letter s in a 3d illustration with a golden yellow color and smooth metal surface classic font isolated on a white background with clipping path .
http://l7.alamy.com/zooms/1533d170568d4fe7a43dc9a7ca890056/metropolitan-line-train-on-a-foggy-day-at-north-harrow-station-hkpkf5.jpg,train on a foggy day at station
http://l7.alamy.com/zooms/4e1ea371de8d414ab63c83257b3c1b77/a-young-black-and-white-spotted-cow-walks-through-a-green-spring-field-j344j2.jpg,a young black and white spotted cow walks through a green spring field in the sunshine
https://ak7.picdn.net/shutterstock/videos/26867587/thumb/1.jpg,dolly shot of happy beard young man talking on the smartphone and drinking coffee while walking in the street
https://i.pinimg.com/736x/73/3d/f0/733df0a973076306a5035418f5ee2d13--instagram-outfits-grunge-clothes.jpg,casual this morning before switching to lighter clothes .
https://lookaside.fbsbx.com/lookaside/crawler/media/?media_id=1091206234304332,"image may contain : person , on stage , playing a musical instrument , concert , night and indoor"
https://i.pinimg.com/736x/7c/d6/96/7cd696ff2219f4cf65c182ea75d7b555--indian-sweets-cottage-cheese.jpg,check out the recipe for person and do give it a try .
https://images.askmen.com/720x540/sports/bodybuilding/fat-loss-hacks/4-drink-three-cups-of-green-tea-a-day-1454502731.jpg,drink cups of green tea a day
https://i.pinimg.com/736x/a4/b5/70/a4b570a742238958d73ead6717a1a235--beautiful-morning-a-beautiful.jpg,finally back to cracking blue sky !
https://thumb1.shutterstock.com/display_pic_with_logo/69545/764293813/stock-photo-shiny-red-foil-or-rough-textured-metallic-lowercase-or-small-letter-g-in-a-d-illustration-with-a-764293813.jpg,shiny red foil or rough textured metallic lowercase or small letter g in a 3d illustration with a wavy rippled surface effect and basic bold font isolated on a white background with clipping path .
https://i2-prod.mirror.co.uk/incoming/article7524598.ece/ALTERNATES/s615/The-pie-munching-capital-revealed-in-UK.jpg,the pie munching capital revealed
https://thumb7.shutterstock.com/display_pic_with_logo/662686/150564569/stock-vector-illustration-of-cluster-of-star-in-the-space-background-150564569.jpg,illustration of cluster of star in the space background
http://l7.alamy.com/zooms/7179d592024d4d158dbee1fe4b90d85c/sign-on-a-fence-around-a-field-saying-no-dogs-to-prevent-people-hunting-cyc468.jpg,sign on a fence around a field saying to prevent people hunting
http://l7.alamy.com/zooms/2c98f9e4a0ec4a7994a453fa9fa7f60c/a-british-honeybee-gathers-pollen-from-flowers-in-a-devon-uk-garden-cx4kf8.jpg,biological genus gathers pollen from flowers
http://c8.alamy.com/comp/KC83B8/postage-stamp-from-north-korea-depicting-the-airship-clement-bayard-KC83B8.jpg,postage stamp depicting the airship
https://ak2.picdn.net/shutterstock/videos/20041522/thumb/1.jpg,bee on a little yellow flower
https://www.eastbaytimes.com/wp-content/uploads/2017/11/rev-l-flight-1124-five_2.jpg?w=620,philosopher inspects a plane he flies kids life - threatening illnesses to care .
http://a-idea.ru/assets/images/mansardnyj_etazh/krovat_zony_spalni_monsardnogo_jetazha.jpg,the bed in the sleeping area of the attic
http://i.dailymail.co.uk/i/pix/2015/02/10/2586B24900000578-2946795-image-m-32_1423542726311.jpg,reckless : the car was reported as stolen before the driver took police on the unforgettable chase across much .
https://ak0.picdn.net/shutterstock/videos/2379590/thumb/1.jpg,moss on a rock by the stream
https://ak4.picdn.net/shutterstock/videos/12364034/thumb/1.jpg?i10c=img.resize(height:160),young girl walking on the dry grass field under daylight
https://ak1.picdn.net/shutterstock/videos/11427611/thumb/1.jpg,the water stream flowing from a man - made waterfall
https://ak8.picdn.net/shutterstock/videos/16896718/thumb/1.jpg,a business woman writes notes down and works on a laptop computer
https://www.ocregister.com/wp-content/uploads/migration/o0l/o0lfe5-b88604211z.120160107093026000gqje3k8r.10.jpg?w=620,construction crews work on the pagoda - style temple on monday .
https://i.pinimg.com/736x/0e/43/c0/0e43c0b1861d2c5028ea2df8377b7572--bbq-chicken-salad-roasted-chicken-breast.jpg,the color of cooked poultry is not a sure sign of its safety .
http://l7.alamy.com/zooms/7cbe0bb4730a4ceeb49a3a3cda00715c/a-bison-or-american-buffalo-with-a-calf-walks-near-tourists-in-yellowstone-bmjn6j.jpg,"biological species , or biological species , with a calf walks near tourists ."
https://www.thedanny.co.uk/userfiles/gallery/LNP_DANIEL_ADAMSON_AMC_112.jpg?w=500&h=500&zc=1&hash=cd86b212b0823d2084b0c80c1b4ed431,"person as she arrived following her restoration , ready for her launch"
http://l7.alamy.com/zooms/2b0210985cea442c9e66dc91c6b9029e/illustration-by-cecil-aldin-mac-and-pat-sit-side-by-side-in-a-basket-g3cnkc.jpg,"illustration by painting artist -- sit side by side in a basket , surrounded by random objects they have"
https://thumb1.shutterstock.com/display_pic_with_logo/702898/577876357/stock-photo-studio-portrait-of-smiley-russian-little-girls-wearing-traditional-costume-isolated-over-white-577876357.jpg,studio portrait of smiley russian little girls wearing traditional costume isolated over white background / image of young beautiful girls in national dress on a white background
https://ak7.picdn.net/shutterstock/videos/30052297/thumb/1.jpg,silhouettes of young couple dancing on the roof on sunset .
https://static1.squarespace.com/static/57d5e691c534a520cf5bf5bb/57f6a4d129687fd43588890c/57f6a500e4fcb593852c1754/1504387572684/WB+Lax+Sunset.jpg?format=750w,the team relaxes during halftime of their senior game .
https://thumb7.shutterstock.com/display_pic_with_logo/627244/132882389/stock-photo--d-man-reading-a-book-isolated-on-white-132882389.jpg,3d man reading a book .
http://ww1.hdnux.com/photos/17/46/20/4088832/7/1024x1024.jpg,an exposure of the building located after dark .
https://ak0.picdn.net/shutterstock/videos/594130/thumb/1.jpg?i10c=img.resize(height:160),footage in high definition of a frustrated young businessman working with a laptop in office
https://ak0.picdn.net/shutterstock/videos/6860710/thumb/1.jpg,heavens golden gates opening to an ethereal light on a cloudy background
https://ak0.picdn.net/shutterstock/videos/16666000/thumb/1.jpg,boat tour through the swamp
https://thumb7.shutterstock.com/display_pic_with_logo/140101/299619635/stock-vector-vector-silhouette-of-couple-who-argue-against-a-white-background-299619635.jpg,vector silhouette of couple who argue against a white background .
https://teamstorytelling.files.wordpress.com/2016/04/img_1432.jpg,one of chefs takes the order of a customer .
http://i.dailymail.co.uk/i/pix/2016/12/07/16/3B2460FE00000578-4009968-image-a-37_1481126521910.jpg,matching shoes star was already a grandfather of girls - by person and his wife
https://thumb7.shutterstock.com/display_pic_with_logo/1350382/147082805/stock-vector-white-swan-on-the-blue-background-147082805.jpg,white swan on the blue background
https://st2.depositphotos.com/3428903/7390/i/950/depositphotos_73909197-stock-photo-simple-outline-drawing-of-a.jpg,simple outline drawing of a men 's blank t - shirt and tee -- stock photo #
https://i.pinimg.com/736x/97/8e/52/978e5232e400ea4c52a547dfa7841ad0--retro-advertising-vintage-scrapbook.jpg,type of dish from the80s
https://i.pinimg.com/736x/8a/00/33/8a0033fdae214275c0e865f7406a53b9--ethnic-style-boho-style.jpg,what i aspire to be - an older woman with her own style
http://l7.alamy.com/zooms/4926a89f5ffa40b08aea2fc659dab83e/the-basilica-in-mary-of-bistrica-e977d3.jpg,type of place of worship in person
http://static-11.sinclairstoryline.com/resources/media/cede377b-def0-4fd6-9ad7-17abb4eb9e80-TakeBacktheNight_HB3.jpg,several people gather for a rally and march .
https://photos.smugmug.com/TripleCrown/2017-Triple-Crown/Kentucky-Derby/i-k2fLWNS/0/5af880ed/X2/AlwaysDreaming6_sd-X2.jpg,jockey gets a kiss from person after winning the 143rd running .
http://ak0.picdn.net/shutterstock/videos/23465320/thumb/1.jpg,pouring hot coffee in a traditional cup on a wooden table
https://igx.4sqi.net/img/general/600x600/1369057_vc-KaBGz3g3TT3Dl4PZO3fQv7-UgFxieSnx5HpFqvgI.jpg,photo taken by the accidental bakers by person
http://l7.alamy.com/zooms/499b41b6d6fc4bbcbe36aea139dafb96/coloured-buildings-in-the-city-of-guanajuato-mexico-dj7wjd.jpg,coloured buildings in the city
https://lookaside.fbsbx.com/lookaside/crawler/media/?media_id=10155628123319821,"image may contain : person , on stage and playing a musical instrument"
https://ak0.picdn.net/shutterstock/videos/28932340/thumb/1.jpg,ducks swimming in the river
https://i.pinimg.com/736x/f1/05/d8/f105d8c2485ded52b4e739a28544db6c--best-wedding-dresses-wedding-dressses.jpg,the cut out detail adds to the modernity of this wedding dress .
https://i.pinimg.com/736x/f8/09/30/f8093041dda62bd17da1fd5e41c6df48--on-the-net.jpg,my drawing from a pic i found on the net
http://l7.alamy.com/zooms/c5711a889de24ab3ab48f0ba401d593e/a-group-of-hawaiians-paddle-their-canoe-in-the-pacific-a62cnc.jpg,a group of ethnicity paddle their canoe
http://wgem.images.worldnow.com/images/12869114_G.jpg,person answering the phones again at the office .
https://i.pinimg.com/736x/ff/9c/ca/ff9cca39a2fa51b89efd36fc45a631d3--pisces-traits-the-storm.jpg,the storms in your eyes
https://lookaside.fbsbx.com/lookaside/crawler/media/?media_id=1291121264312721,"image may contain : person , on stage , playing a musical instrument , guitar , concert and indoor"
http://l7.alamy.com/zooms/1515aaa4ee394aac8d89fe3b7c5ce490/illustration-of-a-husband-and-wife-arguing-e63wmj.jpg,illustration of a religious practice arguing
http://l7.alamy.com/zooms/752ed4c0c91346c38e50df86e1298af7/keetmanshoop-namibia-africa-young-girl-with-small-pig-on-a-leash-and-ewwrey.jpg,young girl with small pig on a leash and dog behind her in the middle of a dirt
https://i.pinimg.com/736x/be/06/d1/be06d1ee9b0d7c590ff7a7440e944e98--latest-fashion-trends-finger-nail-art.jpg,"on prom night , every detail matters ."
http://www.map-france.com/town-map/84/84007/administrative-france-map-town-Avignon.jpg,a city on the municipalities map
https://thumb1.shutterstock.com/display_pic_with_logo/510730/174823733/stock-vector-steering-wheel-on-a-white-174823733.jpg,steering wheel on a white
https://thumb9.shutterstock.com/display_pic_with_logo/172890154/742369486/stock-vector-oo-letter-logo-design-in-a-circle-blue-red-and-silver-colored-742369486.jpg,letter logo design in a circle .
https://www.ocregister.com/wp-content/uploads/migration/mlh/mlhc22-b781093268z.120130418184939000ggt1dgnc7.1.jpg?w=620,"small piece of turf , a work by person made of inks and oils on paper ."
https://thumb1.shutterstock.com/display_pic_with_logo/320779/606989684/stock-photo-metallic-paint-silver-letter-a-lowercase-d-rendering-font-with-glint-and-lights-reflections-606989684.jpg,metallic paint silver letter a lowercase .
https://lookaside.fbsbx.com/lookaside/crawler/media/?media_id=1830074660639004,"image may contain : person , on stage and playing a musical instrument"
http://static1.squarespace.com/static/514ecafde4b045db9417fa2f/514ecd7ae4b0d896d945912f/5a1effdce4966bd855700ab5/1511981342809/Blue+topaz+classic+chain+studs+by+john+hardy+available+in+many+colors+classic+styling+available+at+marlen+jewelers+in+rocky+river+minutes+from+cleveland.jpg?format=1000w,do these earrings possess power for their wearer ?
http://l7.alamy.com/zooms/22d095ba946a465a9c5f3488278132fb/teenage-girl-reading-on-a-tablet-fa6cxm.jpg,teenage girl reading on a tablet
https://www.jamesmortonties.co.uk/wp-content/uploads/2015/06/cufflinks.jpg,person needs a set of cufflinks to match his suit and tie
https://i.pinimg.com/736x/40/a8/7b/40a87b8d1a6130136a47df2b0811d625.jpg,person explains how to shoot fruit or vegetables on a white background
http://static-31.sinclairstoryline.com/resources/media/f40ee6d3-43d2-4be9-bcee-5985521d74c7-2V7A8511.JPG,celebrity and politician are reportedly moving to person -- the same neighborhood where the family will live when they vacate the white house .
"https://thumb10.shutterstock.com/display_pic_with_logo/917465/917465,1330932240,3/stock-photo-open-door-to-the-sky-96742720.jpg",open door to the sky
https://i.pinimg.com/736x/4c/21/45/4c214513267c63a8a5c71012e6eb18c9.jpg,the tank personally knocked out by person .
https://ak6.picdn.net/shutterstock/videos/4522706/thumb/1.jpg,time lapse of business people inside a modern office building
http://c8.alamy.com/comp/JYFT38/a-natural-history-of-british-birds-19556905706-JYFT38.jpg,a natural history of birds
https://www.dailynews.com/wp-content/uploads/2017/10/ap_17282683742816.jpg?w=620,a fire burns at a hotel .
https://s-media-cache-ak0.pinimg.com/originals/b5/20/5f/b5205fdb03ed3c6eb5673a330676d23e.jpg,"actor from models off - duty style model walks the streets in her everyday uniform : a crop top , distressed jeans and oversize coat ."
https://i.pinimg.com/736x/bd/63/fc/bd63fccdfa308954a6d4456bee025332.jpg,a family of swans on the lake
https://www.gannett-cdn.com/-mm-/4b4285c1d64d50de5d52d9f73b4d2a8eb66f33a6/c=326-0-5433-3840&r=x408&c=540x405/local/-/media/2016/05/17/Westchester/Westchester/635990902975953890-mv051716uppernyack08.jpg,a soaking tub is the centerpiece of the master bathroom
http://l7.alamy.com/zooms/3ca38af3032d4112be6b07f4a71e3fde/canada-montreal-fresh-flowers-on-sale-at-the-atwater-market-axktmc.jpg,canadian census division fresh flowers on sale
https://thumb1.shutterstock.com/display_pic_with_logo/2638540/390819214/stock-vector-vector-illustration-of-a-background-for-world-autism-day-with-ribbon-390819214.jpg,vector illustration of a background for holiday with ribbon .
http://i.dailymail.co.uk/i/pix/2014/12/10/23ED36D800000578-2867757-image-m-156_1418175256850.jpg,"person looked stunning in a midnight blue evening gown , which she teamed with her engagement ring"
https://thumb7.shutterstock.com/display_pic_with_logo/2638540/675750091/stock-vector-vector-illustration-of-a-banner-for-raksha-bandhan-675750091.jpg,vector illustration of a banner for holiday .
http://l7.alamy.com/zooms/e5e0f292f868475da8aa48c2228e8ae3/a-view-of-bank-notes-of-the-currency-guernsey-pound-ggp-meant-for-ktnn1b.jpg,a view of bank notes of the currency meant for payment
https://thumb1.shutterstock.com/display_pic_with_logo/4081381/464670173/stock-vector-colorful-children-s-seamless-pattern-in-cartoon-style-with-the-image-of-the-rabbit-and-the-little-464670173.jpg,colorful children 's seamless pattern in cartoon style with the image of the rabbit and the little rabbits
https://2hertziesdownunder.files.wordpress.com/2013/07/dsf9209.jpg?w=497&h=745,the trail leads into the fog .
http://www.mouseearsmom.com/wp-content/uploads/2013/07/IMG_2404.jpg,thank you person for such a beautiful birthday cake !
https://thumb1.shutterstock.com/display_pic_with_logo/2913160/430504690/stock-vector-hand-holding-and-raising-the-national-flag-of-mauritania-430504690.jpg,hand holding and raising the national flag
https://i.pinimg.com/736x/3f/f6/6a/3ff66a14ae4be7d0a6001be4a3320115--round-diamond-ring-round-diamonds.jpg,"$9,725 a prong - set carat round center diamond dominates this platinum engagement ring with round diamonds on the sides ."
http://cdn.newsapi.com.au/image/v1/50f300100c50a6d9c8e55d109cf33d7b,person and his longtime partner at a premiere .
https://i.pinimg.com/736x/4b/4c/c4/4b4cc4559f87d9edc3bfb39a8c9584e6--painted-pianos-painted-furniture.jpg,"chalk painted piano -- i would never do this to my piano , but i do love how it turned out !"
https://i.pinimg.com/736x/dd/06/a1/dd06a1b75210e8086d069737e9d3831e--foie-gras-personal-style.jpg,love with a side of trousers .
http://i.dailymail.co.uk/i/pix/2011/07/08/article-2012680-0CE0F17B00000578-966_468x469.jpg,"life : person wore ultra short denim shorts in the upmarket district , while chord carried a camera round his neck"
http://l7.alamy.com/zooms/459ce20946cf41f4b5cee2c00602cae4/twenty-euro-banknote-on-a-white-background-ga65hd.jpg,euro banknote on a white background
https://i.pinimg.com/736x/29/3c/7e/293c7e5bf70ba8eda8954f7932a9bba4--edwardian-dress-edwardian-fashion.jpg,fashion of the 1900s more
https://handluggageonly.co.uk/wp-content/uploads/2015/07/P1070244.jpg,"filming location where to shop , eat and party !"
https://i.pinimg.com/736x/54/3f/cf/543fcf21f8a92d67fc3425e2d9a87b7b--eclectic-christmas-trees-christmas-decor.jpg,take an exclusive tour of person and home during the holidays as each room gets a sparkling transformation .
https://i2-prod.mirror.co.uk/incoming/article5841946.ece/ALTERNATES/s615/Barcelonas-players-celebrate-from-an-open-top-bus.jpg,players celebrate from an open - top bus
http://c8.alamy.com/comp/KEN2K3/illustration-of-a-woman-with-angry-face-KEN2K3.jpg,illustration of a woman with angry face
